frame,track_id,x1,y1,x2,y2
0,1,162,901,211,1051
0,2,1757,890,1806,1030
0,3,852,746,897,869
0,4,22,730,71,866
0,5,1093,571,1144,675
0,6,1445,429,1488,511
0,7,457,395,487,458
0,8,660,554,717,648
0,9,1045,475,1076,554
0,10,1232,458,1247,469
0,11,249,422,283,500
1,1,166,901,216,1053
1,2,1769,892,1816,1032
1,3,859,748,899,871
1,4,25,729,72,868
1,5,1095,572,1148,674
1,6,1445,429,1498,512
1,7,469,396,503,461
1,8,672,556,724,650
1,9,1049,473,1084,556
2,1,168,900,218,1054
2,2,1774,894,1820,1033
2,3,861,748,900,872
2,4,27,728,75,869
2,5,1096,573,1148,674
2,6,1446,430,1502,514
2,7,475,397,512,460
2,8,678,557,728,650
2,9,1052,474,1089,557
2,12,937,345,980,403
3,1,173,900,222,1054
3,2,1785,897,1829,1038
3,3,867,750,905,874
3,4,31,726,79,868
3,5,1100,576,1152,673
3,6,1452,432,1506,517
3,8,687,559,735,653
3,9,1056,474,1096,558
3,12,945,348,989,406
3,11,272,423,314,495
4,1,177,902,227,1052
4,2,1795,901,1838,1042
4,3,871,751,910,876
4,4,36,728,83,866
4,5,1102,581,1153,680
4,6,1461,435,1511,519
4,8,697,560,742,654
4,9,1060,476,1101,557
4,11,285,426,323,500
4,7,495,401,544,464
5,1,179,903,228,1049
5,2,1798,901,1842,1044
5,3,873,752,912,878
5,4,38,729,85,866
5,5,1100,581,1151,682
5,6,1465,437,1511,519
5,8,700,560,746,655
5,9,1061,477,1102,556
5,11,295,425,327,500
5,13,159,292,182,339
6,1,183,906,232,1047
6,2,1805,905,1853,1049
6,3,877,754,919,881
6,4,44,731,90,865
6,5,1102,581,1147,685
6,6,1472,439,1514,522
6,8,706,560,753,657
6,9,1066,479,1107,557
6,11,307,427,339,504
6,12,963,350,1009,413
6,7,513,405,550,458
7,1,186,909,235,1049
7,2,1806,907,1864,1054
7,3,877,757,926,884
7,4,49,733,94,866
7,5,1103,579,1146,687
7,6,1479,440,1511,523
7,8,710,559,760,655
7,11,318,427,348,506
7,7,528,406,559,457
8,1,188,910,237,1049
8,2,1807,908,1870,1055
8,3,875,758,928,885
8,4,50,735,96,867
8,5,1104,577,1145,689
8,6,1482,440,1509,523
8,8,712,558,764,654
8,11,324,426,353,506
8,7,535,406,564,459
8,9,1070,483,1102,562
9,1,191,910,242,1052
9,2,1816,912,1880,1061
9,3,876,761,935,886
9,4,56,737,100,868
9,5,1109,576,1149,689
9,8,716,557,770,654
9,11,335,426,362,503
9,12,979,350,1012,414
10,1,194,908,246,1054
10,2,1828,915,1892,1064
10,3,878,764,942,889
10,4,58,738,104,870
10,5,1112,577,1154,687
10,8,721,559,777,654
10,11,344,423,372,503
10,12,983,347,1010,415
10,6,1491,441,1521,526
10,7,558,408,583,461
10,9,1075,485,1105,565
11,1,195,907,248,1056
11,2,1834,916,1898,1066
11,3,880,764,945,890
11,4,60,737,106,871
11,5,1112,576,1155,685
11,8,726,561,779,655
11,11,349,423,378,503
11,12,985,347,1009,416
11,6,1491,440,1525,527
11,7,562,407,590,466
11,9,1075,484,1106,565
12,1,199,904,251,1057
12,2,1847,919,1906,1065
12,3,887,766,952,891
12,4,64,736,109,872
12,5,1115,576,1159,682
12,8,725,562,785,656
12,11,359,423,388,497
12,12,990,348,1013,417
12,6,1490,440,1532,527
12,7,572,408,601,465
13,1,203,902,256,1058
13,2,1859,921,1918,1066
13,3,895,767,957,894
13,4,66,735,111,873
13,5,1117,577,1162,683
13,8,728,561,792,657
13,11,369,424,398,496
13,12,994,351,1017,418
13,6,1490,441,1538,527
13,7,579,410,613,470
14,1,204,900,257,1058
14,2,1865,922,1920,1065
14,3,900,768,958,895
14,4,65,733,112,875
14,5,1117,581,1162,684
14,11,374,425,404,496
14,6,1490,441,1540,527
14,7,584,410,618,472
15,1,208,901,261,1056
15,2,1874,925,1920,1068
15,3,908,769,959,895
15,4,66,733,115,875
15,5,1119,583,1163,686
15,11,383,427,414,502
15,6,1496,443,1544,530
15,7,591,412,627,474
15,8,759,563,801,660
15,12,997,352,1023,421
16,1,213,904,265,1052
16,2,1884,927,1920,1071
16,3,914,770,957,896
16,4,67,734,119,873
16,5,1122,584,1162,688
16,11,394,428,423,503
16,6,1505,446,1546,532
16,7,599,414,636,477
16,8,771,564,806,659
16,12,1000,354,1028,423
17,1,215,905,267,1049
17,2,1889,928,1920,1071
17,3,916,770,955,898
17,4,68,735,121,872
17,5,1122,585,1159,690
17,11,399,429,430,506
17,6,1509,448,1545,534
17,8,776,564,809,657
17,12,1000,355,1030,424
17,18,776,562,808,658
17,9,1088,486,1125,569
18,1,221,908,272,1051
18,2,1898,931,1920,1077
18,3,922,772,957,901
18,4,70,737,125,871
18,5,1125,585,1159,693
18,6,1518,451,1548,536
18,12,1003,359,1036,425
18,18,757,565,816,658
18,7,610,414,652,481
19,1,225,909,276,1054
19,3,924,774,960,904
19,4,71,739,128,872
19,5,1126,584,1165,695
19,6,1521,452,1551,538
19,18,755,565,823,661
19,7,616,415,661,483
19,11,417,430,448,509
19,9,1096,490,1126,572
20,1,227,908,278,1054
20,3,925,774,962,905
20,4,71,740,127,872
20,5,1125,585,1167,696
20,6,1522,451,1552,538
20,18,756,565,825,661
20,7,621,417,666,484
20,11,423,429,453,509
20,9,1097,491,1125,572
20,8,792,568,824,660
21,1,231,909,282,1057
21,3,929,777,968,908
21,4,72,742,128,874
21,5,1127,585,1174,697
21,6,1526,452,1560,540
21,18,768,569,832,662
21,7,628,416,675,486
21,9,1101,491,1126,567
21,12,1007,365,1054,431
22,1,236,907,285,1058
22,3,933,779,975,911
22,4,73,742,128,877
22,5,1129,585,1179,696
22,6,1531,452,1568,541
22,18,782,570,838,663
22,7,636,417,683,488
22,12,1011,365,1062,433
22,11,441,428,476,507
23,1,237,905,285,1059
23,3,933,780,979,913
23,4,72,741,126,878
23,5,1129,587,1180,695
23,6,1533,452,1572,540
23,18,787,570,840,665
23,7,639,419,686,489
23,12,1013,365,1065,434
23,27,0,673,39,790
23,11,445,428,483,505
24,1,240,904,289,1059
24,3,935,782,986,914
24,4,75,740,126,881
24,5,1130,587,1183,694
24,6,1538,452,1579,539
24,18,791,567,845,667
24,7,646,420,693,491
24,12,1019,360,1068,435
24,27,3,674,48,789
24,11,452,429,492,505
24,9,1105,491,1143,576
25,1,244,903,292,1055
25,3,939,783,994,917
25,4,78,737,128,882
25,5,1132,587,1187,695
25,6,1543,452,1586,539
25,18,794,565,850,668
25,7,654,423,701,491
25,12,1028,358,1072,434
25,27,10,675,56,790
25,11,460,429,503,505
25,9,1107,492,1149,578
26,1,245,903,294,1053
26,3,940,784,997,919
26,4,78,735,128,883
26,5,1133,588,1186,697
26,6,1547,453,1590,540
26,18,797,566,852,668
26,7,657,424,706,491
26,12,1032,358,1068,434
26,27,13,676,63,791
26,11,464,430,508,505
26,9,1107,492,1152,577
27,1,249,905,298,1050
27,3,947,785,1002,920
27,4,82,735,131,882
27,5,1138,589,1186,700
27,6,1554,455,1594,541
27,18,807,568,859,667
27,7,664,425,712,492
27,12,1040,356,1072,436
27,27,19,675,68,791
27,9,1110,493,1156,578
28,1,250,907,300,1050
28,3,953,785,1004,919
28,4,85,735,134,878
28,5,1141,590,1184,702
28,18,820,570,865,664
28,7,669,426,719,494
28,12,1047,356,1076,437
28,27,25,674,71,792
28,9,1114,495,1158,580
28,8,831,571,865,663
28,11,486,431,522,507
29,1,251,908,301,1051
29,3,955,785,1004,917
29,4,87,734,135,875
29,5,1141,590,1181,702
29,18,825,571,867,664
29,7,671,425,722,494
29,12,1051,355,1077,437
29,27,27,672,74,792
29,9,1114,496,1158,582
29,8,834,571,867,663
29,11,493,430,524,507
30,1,255,909,306,1053
30,3,961,786,1005,918
30,4,91,737,137,874
30,5,1143,590,1183,704
30,18,833,573,873,663
30,7,676,424,727,496
30,12,1058,356,1085,438
30,27,34,671,80,794
30,9,1117,498,1158,585
30,8,841,573,874,662
30,11,500,429,537,509
30,6,1571,457,1601,543
31,1,258,908,312,1055
31,3,966,787,1007,919
31,4,97,739,141,874
31,5,1145,590,1186,706
31,18,822,575,880,665
31,7,682,425,735,498
31,12,1063,356,1091,440
31,6,1578,456,1610,545
32,1,258,907,313,1056
32,3,968,788,1007,920
32,4,98,740,142,876
32,5,1145,589,1188,705
32,18,819,575,883,666
32,7,685,426,737,499
32,12,1065,355,1094,440
32,6,1579,455,1613,546
32,27,45,669,90,795
32,11,514,427,546,507
33,1,261,904,316,1057
33,3,972,790,1012,923
33,4,102,743,145,879
33,5,1147,587,1193,703
33,18,828,573,888,666
33,7,689,426,739,501
33,12,1071,359,1101,441
33,27,50,670,96,794
33,11,522,428,551,505
34,1,263,902,318,1057
34,3,974,791,1016,925
34,4,103,743,148,882
34,5,1150,587,1198,701
34,18,836,570,893,666
34,7,693,427,740,502
34,12,1075,363,1107,443
34,27,56,671,101,792
34,11,527,426,558,503
34,9,1121,496,1162,586
34,6,1589,453,1626,543
35,1,264,900,318,1056
35,3,973,791,1019,926
35,4,102,742,149,882
35,5,1150,586,1199,698
35,18,840,569,895,667
35,12,1077,367,1109,444
35,27,59,672,104,791
35,9,1120,495,1161,585
35,6,1590,453,1629,541
36,1,267,899,320,1054
36,3,971,793,1024,927
36,5,1151,586,1201,696
36,18,848,567,900,668
36,12,1081,371,1113,446
36,9,1121,496,1165,583
36,6,1594,453,1633,540
36,7,699,429,742,504
36,11,535,427,572,504
37,1,269,899,321,1050
37,3,967,795,1030,929
37,5,1151,588,1202,698
37,18,857,566,904,668
37,12,1084,373,1118,447
37,9,1122,496,1167,583
37,6,1599,455,1636,541
37,7,702,430,744,505
37,11,540,428,580,506
37,4,95,740,150,883
37,27,64,676,110,773
38,1,270,899,322,1049
38,3,964,796,1032,930
38,5,1150,590,1200,700
38,18,862,566,906,666
38,12,1086,374,1120,446
38,9,1122,497,1167,583
38,7,702,431,747,506
38,11,542,429,586,506
38,4,94,740,150,883
38,27,66,676,112,767
39,1,272,902,324,1050
39,3,968,799,1036,931
39,5,1152,592,1197,701
39,18,866,566,909,665
39,12,1089,373,1124,447
39,9,1123,500,1167,586
39,7,704,431,752,508
39,11,546,430,595,506
39,4,94,742,152,881
39,27,69,676,114,762
39,34,69,678,113,758
39,6,1606,457,1635,544
40,1,275,904,327,1053
40,3,970,800,1041,933
40,5,1153,593,1193,702
40,18,870,569,914,666
40,9,1126,500,1160,585
40,7,704,432,755,509
40,11,553,432,603,506
40,4,94,743,153,878
40,27,72,676,115,758
40,34,71,676,115,761
40,6,1610,458,1636,544
41,1,277,905,328,1055
41,3,971,800,1043,933
41,5,1153,593,1188,704
41,18,872,572,915,666
41,9,1126,501,1155,586
41,7,704,432,757,510
41,11,556,433,609,507
41,4,95,743,154,877
41,27,72,675,115,757
41,34,72,674,115,762
41,6,1610,458,1637,546
41,35,127,312,154,363
41,12,1090,373,1130,448
42,1,280,904,329,1056
42,3,979,802,1046,935
42,5,1154,592,1191,708
42,18,876,574,918,668
42,9,1127,502,1155,587
42,7,704,433,759,512
42,11,562,436,614,508
42,4,95,746,156,876
42,34,73,673,117,762
42,6,1613,457,1645,547
42,12,1094,373,1136,449
43,1,282,902,330,1057
43,3,984,803,1047,937
43,5,1155,590,1194,709
43,18,881,574,921,669
43,9,1128,502,1158,585
43,7,705,436,750,513
43,11,567,438,619,509
43,4,96,748,157,876
43,34,75,673,119,762
43,6,1616,455,1653,547
44,1,283,900,330,1056
44,3,988,803,1045,937
44,5,1154,588,1196,710
44,18,884,572,922,669
44,9,1125,501,1161,585
44,7,705,437,747,514
44,11,570,439,621,509
44,4,96,748,156,877
44,34,75,673,120,761
44,6,1617,455,1657,546
44,35,138,313,165,365
45,1,285,898,332,1057
45,3,993,803,1040,938
45,5,1155,585,1202,710
45,18,888,570,925,671
45,9,1126,501,1166,589
45,7,705,439,749,516
45,11,574,439,628,510
45,4,95,747,154,880
45,34,78,673,124,761
45,6,1620,453,1664,546
45,35,142,313,168,366
45,12,1114,375,1149,450
46,1,285,897,333,1054
46,3,996,803,1037,939
46,5,1156,583,1206,708
46,18,893,568,927,673
46,9,1126,500,1171,590
46,7,705,440,752,518
46,11,577,438,634,510
46,4,95,750,153,884
46,34,79,675,129,764
46,6,1624,453,1671,544
46,12,1123,376,1157,452
47,1,285,896,334,1052
47,3,997,804,1035,941
47,18,895,567,929,673
47,9,1125,500,1173,590
47,7,705,440,754,519
47,11,577,438,638,510
47,4,95,751,151,885
47,34,80,676,131,766
47,6,1625,454,1673,543
47,12,1127,375,1160,453
48,1,287,898,337,1048
48,3,999,805,1037,944
48,18,900,566,935,672
48,9,1127,502,1176,590
48,7,706,440,759,521
48,11,579,437,642,510
48,4,95,749,150,886
48,34,85,679,135,770
48,6,1632,456,1678,543
48,35,153,311,180,366
48,5,1156,588,1210,705
49,1,289,901,339,1046
49,3,1000,808,1042,946
49,18,904,567,940,669
49,9,1129,503,1178,592
49,7,707,440,759,522
49,11,581,435,643,511
49,4,97,741,151,887
49,34,88,680,137,769
49,6,1637,459,1683,546
49,5,1159,594,1213,707
50,1,290,902,340,1045
50,3,998,809,1045,948
50,18,905,568,941,668
50,9,1130,505,1176,593
50,11,580,434,643,511
50,4,97,737,150,886
50,34,89,681,136,766
50,5,1159,597,1212,709
50,12,1142,379,1175,454
50,35,160,311,187,366
51,1,292,903,344,1045
51,3,996,811,1052,950
51,18,911,571,946,669
51,11,583,433,636,513
51,4,99,735,152,885
51,34,91,680,136,766
51,5,1162,598,1212,712
51,12,1148,381,1180,454
52,1,293,902,347,1050
52,3,995,813,1059,952
52,18,917,573,951,669
52,11,584,431,630,512
52,4,100,734,153,883
52,5,1165,599,1208,714
52,12,1153,382,1184,455
52,39,1125,445,1137,456
52,7,709,442,743,527
52,9,1132,506,1166,596
52,35,170,313,197,367
53,1,293,900,347,1051
53,3,994,814,1062,953
53,18,920,573,953,669
53,11,584,428,628,511
53,4,100,733,152,880
53,5,1165,599,1205,715
53,12,1155,382,1185,455
53,39,1126,446,1139,457
53,7,709,443,738,527
53,9,1128,507,1164,598
53,6,1649,458,1688,549
54,1,295,897,350,1054
54,3,997,816,1068,955
54,18,924,574,957,669
54,11,586,426,629,511
54,4,100,736,153,880
54,5,1167,597,1206,717
54,12,1159,381,1189,456
54,39,1129,447,1143,458
54,7,707,445,743,528
54,9,1127,506,1167,598
54,6,1653,455,1694,549
54,35,176,312,203,367
55,1,298,895,353,1055
55,3,1001,817,1072,955
55,18,928,571,961,670
55,11,588,425,628,510
55,4,106,744,154,880
55,5,1169,593,1210,718
55,12,1163,381,1192,458
55,39,1133,449,1146,459
55,7,706,446,746,530
55,9,1129,505,1170,595
55,6,1658,454,1700,547
55,34,92,678,135,786
56,1,299,892,353,1062
56,3,1003,817,1072,955
56,18,930,568,963,670
56,11,588,424,625,509
56,4,107,745,155,879
56,5,1168,592,1210,718
56,12,1163,383,1194,458
56,39,1134,449,1147,460
56,7,704,445,749,530
56,9,1128,504,1171,594
56,6,1659,453,1702,546
56,34,91,678,134,792
56,35,182,311,209,367
57,1,302,891,357,1071
57,3,1009,817,1071,956
57,18,934,566,968,671
57,4,106,741,157,881
57,5,1170,590,1215,718
57,12,1169,385,1200,458
57,39,1138,448,1151,460
57,7,704,446,753,530
57,9,1131,503,1176,592
57,6,1662,452,1709,544
58,1,306,892,361,1056
58,3,1016,818,1069,958
58,18,937,566,974,671
58,4,106,739,158,882
58,5,1172,589,1219,716
58,12,1175,387,1209,460
58,39,1143,449,1157,461
58,7,703,445,757,530
58,9,1134,504,1179,592
58,6,1666,453,1712,543
58,35,191,311,219,367
59,1,309,893,363,1046
59,3,1019,818,1067,958
59,18,939,565,978,671
59,4,107,741,158,884
59,5,1172,589,1220,714
59,12,1177,388,1213,460
59,7,701,445,749,530
59,9,1133,504,1179,593
59,6,1667,453,1714,542
60,1,314,895,370,1040
60,3,1022,819,1065,959
60,18,944,567,984,669
60,4,107,735,162,886
60,5,1176,593,1224,714
60,12,1183,390,1217,461
60,7,702,444,743,532
60,9,1137,506,1181,594
60,41,702,445,742,530
60,35,201,313,228,368
61,1,320,893,376,1041
61,3,1025,820,1068,962
61,18,949,567,993,669
61,4,111,733,166,887
61,5,1181,596,1226,714
61,12,1190,393,1223,463
61,7,703,445,739,536
61,9,1142,507,1177,595
61,11,589,430,633,511
62,1,323,893,378,1043
62,3,1026,821,1069,964
62,18,951,570,997,669
62,4,112,732,168,886
62,5,1183,598,1226,714
62,12,1194,393,1226,463
62,7,703,445,736,536
62,9,1144,509,1173,596
62,11,589,432,635,512
62,6,1684,456,1717,546
62,41,704,447,740,534
63,1,329,893,383,1043
63,3,1027,823,1077,966
63,18,957,575,1002,671
63,4,115,731,174,884
63,5,1189,599,1228,715
63,11,592,432,640,513
63,6,1692,455,1723,549
63,41,705,450,754,537
64,1,336,891,388,1046
64,3,1024,825,1086,968
64,18,964,575,1009,671
64,4,122,730,183,882
64,5,1194,599,1230,715
64,11,596,432,647,514
64,6,1698,455,1735,549
64,34,95,684,142,800
64,7,707,450,748,538
64,9,1150,507,1185,601
65,1,340,891,390,1044
65,3,1020,826,1091,970
65,18,966,575,1012,672
65,4,124,730,187,881
65,5,1195,600,1232,718
65,11,598,432,651,515
65,6,1700,454,1741,548
65,34,95,683,142,801
65,7,706,451,749,539
65,9,1150,506,1188,600
65,12,1210,386,1245,465
66,1,348,888,396,1042
66,3,1021,829,1102,971
66,18,974,572,1018,672
66,4,131,736,195,880
66,5,1202,599,1242,719
66,11,605,432,663,516
66,6,1708,452,1754,548
66,34,98,683,146,801
66,7,709,452,755,539
66,9,1155,506,1198,600
67,1,355,886,405,1037
67,3,1026,830,1114,972
67,18,984,570,1025,672
67,4,137,738,202,878
67,5,1208,596,1253,721
67,11,614,432,669,516
67,6,1715,450,1766,545
67,34,103,684,150,802
67,7,712,452,762,539
67,9,1160,505,1206,599
67,12,1225,385,1259,466
68,1,358,886,408,1037
68,3,1029,830,1118,972
68,18,988,569,1028,673
68,4,137,739,204,877
68,5,1209,595,1257,722
68,11,617,432,669,516
68,6,1717,450,1770,545
68,34,103,685,150,803
68,7,711,451,764,539
68,9,1161,504,1210,598
68,12,1229,384,1261,465
69,1,367,886,416,1036
69,3,1040,831,1127,972
69,18,995,567,1036,672
69,4,140,739,208,877
69,5,1215,593,1267,721
69,11,625,429,669,515
69,6,1724,451,1781,544
69,34,108,686,153,804
69,7,715,451,770,540
69,9,1165,504,1216,598
69,12,1236,384,1266,464
70,1,374,887,424,1035
70,3,1052,832,1133,974
70,18,1003,567,1044,670
70,4,150,736,210,879
70,5,1219,595,1277,720
70,11,631,426,665,513
70,6,1736,452,1791,543
70,34,112,686,157,803
70,7,716,450,774,540
70,9,1171,505,1222,600
70,12,1241,384,1272,465
70,35,276,309,306,366
71,1,377,888,427,1036
71,3,1058,831,1134,974
71,18,1006,565,1047,669
71,4,152,735,208,880
71,5,1219,595,1280,718
71,6,1740,452,1793,541
71,34,113,688,157,804
71,7,714,451,774,541
71,9,1174,505,1222,601
71,45,0,579,18,669
72,1,383,888,433,1036
72,3,1069,831,1135,974
72,18,1015,564,1053,667
72,4,160,733,211,880
72,5,1227,596,1286,717
72,6,1749,452,1786,542
72,34,117,687,160,803
72,7,718,451,775,541
72,9,1180,507,1225,601
72,45,2,574,28,669
72,11,637,424,668,513
72,12,1238,390,1282,466
73,1,386,887,440,1037
73,3,1080,833,1133,974
73,18,1021,565,1056,667
73,4,165,730,216,882
73,5,1232,595,1289,717
73,6,1755,452,1793,542
73,34,118,686,161,803
73,7,719,452,770,542
73,9,1181,507,1221,601
73,45,2,574,34,670
73,11,640,422,670,512
73,12,1242,395,1291,466
74,1,388,885,442,1037
74,3,1084,832,1129,974
74,18,1024,565,1056,667
74,4,166,728,217,882
74,5,1233,595,1287,716
74,6,1756,451,1794,543
74,34,116,686,161,804
74,7,717,453,763,542
74,9,1179,506,1219,601
74,45,0,573,36,669
74,11,640,422,670,511
74,12,1241,396,1294,466
75,1,392,882,447,1037
75,3,1088,832,1126,977
75,18,1029,563,1061,666
75,4,169,726,220,882
75,5,1237,595,1286,718
75,6,1761,449,1800,544
75,34,115,684,163,805
75,7,716,451,756,542
75,9,1180,504,1220,603
75,45,0,573,38,671
75,11,641,421,671,511
75,35,308,305,338,363
76,1,396,879,450,1034
76,3,1088,832,1127,978
76,18,1033,562,1067,667
76,4,171,725,222,881
76,5,1238,592,1283,719
76,6,1765,448,1808,543
76,34,113,682,167,805
76,7,711,450,757,542
76,9,1181,502,1223,602
76,45,0,570,39,672
76,11,638,421,671,512
76,12,1241,397,1311,466
77,1,397,877,452,1035
77,3,1086,832,1128,978
77,18,1034,561,1070,668
77,4,172,725,223,880
77,5,1239,590,1281,720
77,6,1767,446,1810,543
77,34,110,682,169,806
77,7,707,450,757,542
77,9,1181,501,1225,603
77,45,0,568,38,671
77,11,634,422,670,511
77,12,1239,397,1314,466
78,1,401,875,455,1034
78,3,1082,833,1135,981
78,18,1038,559,1076,668
78,4,174,728,226,880
78,5,1242,588,1284,721
78,6,1771,445,1817,542
78,34,107,682,170,808
78,7,705,450,759,542
78,9,1183,500,1228,600
78,45,0,565,43,671
78,11,630,424,672,511
78,12,1253,397,1320,466
79,1,404,874,457,1032
79,3,1077,834,1140,982
79,18,1039,558,1081,669
79,4,175,730,227,879
79,5,1245,588,1287,722
79,6,1769,444,1821,540
79,34,103,683,169,808
79,7,699,449,759,541
79,9,1183,499,1229,595
79,45,1,561,45,668
79,11,626,427,673,510
79,12,1262,397,1324,466
79,35,328,305,356,361
80,1,405,874,457,1029
80,3,1072,834,1144,982
80,18,1039,557,1083,667
80,4,175,731,227,878
80,5,1244,587,1288,720
80,6,1766,443,1822,539
80,34,98,684,148,807
80,7,691,448,757,541
80,9,1181,499,1230,594
80,45,1,559,45,666
80,11,622,428,673,508
80,12,1266,396,1324,465
80,50,207,310,232,359
81,1,408,874,460,1026
81,3,1071,835,1148,984
81,18,1040,556,1086,664
81,4,175,731,227,878
81,5,1245,586,1291,719
81,6,1770,443,1823,539
81,34,93,685,137,808
81,7,686,447,752,541
81,9,1182,499,1229,594
81,45,1,557,46,664
81,11,621,428,674,509
81,12,1269,395,1323,464
82,1,410,875,461,1025
82,3,1071,835,1152,985
82,18,1039,556,1090,663
82,4,174,729,227,878
82,5,1244,585,1291,718
82,6,1774,444,1819,539
82,34,86,686,137,808
82,9,1182,501,1223,595
82,45,1,557,46,662
82,11,618,427,673,509
82,12,1271,394,1307,464
83,1,411,875,462,1024
83,3,1070,835,1152,985
83,18,1037,556,1090,663
83,4,173,727,225,878
83,5,1243,586,1290,716
83,6,1775,444,1815,539
83,34,79,686,135,808
83,9,1180,501,1218,595
83,45,1,558,46,660
83,11,617,427,672,510
83,35,336,300,363,358
84,1,412,875,462,1025
84,3,1073,836,1152,986
84,18,1038,558,1091,662
84,4,173,724,224,878
84,5,1245,587,1290,714
84,6,1777,443,1812,540
84,34,73,686,128,809
84,9,1179,501,1211,597
84,45,1,559,46,660
84,11,616,427,671,509
84,35,337,298,366,357
84,50,215,309,238,357
85,1,413,874,463,1026
85,3,1076,836,1150,987
85,18,1040,558,1090,663
85,4,173,721,224,879
85,5,1245,589,1288,714
85,34,67,686,125,811
85,9,1176,500,1209,598
85,45,1,560,47,661
85,11,619,426,667,509
85,50,217,308,240,357
85,7,673,447,712,545
85,12,1271,393,1306,465
86,1,414,872,463,1026
86,3,1079,835,1148,987
86,18,1041,559,1089,663
86,4,173,720,223,878
86,5,1245,590,1286,714
86,34,64,685,125,812
86,9,1174,498,1209,599
86,45,1,560,48,661
86,11,621,425,663,510
86,50,219,308,242,356
86,7,667,450,711,546
86,6,1777,442,1811,540
86,35,342,297,369,357
87,1,416,868,465,1027
87,3,1086,836,1145,987
87,18,1043,560,1087,664
87,4,173,719,224,877
87,5,1246,590,1285,714
87,34,61,683,125,815
87,9,1173,497,1214,599
87,45,1,558,49,663
87,7,661,451,712,546
87,6,1779,440,1817,540
87,35,346,299,373,358
87,12,1267,390,1312,465
88,1,417,865,466,1025
88,3,1089,836,1138,987
88,18,1045,558,1086,665
88,4,173,719,225,876
88,5,1247,590,1284,716
88,34,56,683,125,816
88,9,1172,495,1217,600
88,45,2,555,50,663
88,7,656,450,711,545
88,6,1781,439,1825,541
88,12,1267,388,1315,466
88,11,621,422,655,509
89,1,417,864,466,1024
89,3,1089,836,1134,987
89,18,1045,557,1085,666
89,4,172,720,225,876
89,5,1248,589,1286,717
89,34,51,682,124,817
89,9,1171,494,1218,599
89,45,3,553,49,663
89,7,652,448,709,545
89,6,1780,438,1828,540
89,12,1265,387,1316,465
89,11,621,421,665,534
89,35,351,298,378,357
90,1,418,864,469,1022
90,3,1089,837,1134,989
90,18,1047,554,1089,664
90,4,171,722,226,876
90,5,1250,587,1292,718
90,34,45,684,121,818
90,9,1171,494,1220,595
90,45,3,552,49,661
90,7,644,449,708,544
90,6,1777,437,1834,539
90,12,1264,385,1319,465
90,11,620,420,656,518
91,1,418,864,471,1018
91,3,1085,838,1135,991
91,18,1048,552,1091,663
91,4,169,724,228,876
91,5,1249,585,1295,719
91,34,42,686,112,818
91,9,1169,494,1221,594
91,45,3,550,49,658
91,7,634,451,685,548
91,6,1776,437,1837,537
91,12,1263,385,1319,464
91,11,617,419,649,511
92,1,417,864,471,1016
92,3,1080,838,1135,992
92,18,1047,551,1091,662
92,4,167,726,228,876
92,5,1247,584,1297,719
92,34,41,689,105,817
92,9,1167,495,1220,594
92,45,2,550,49,656
92,6,1775,438,1838,536
92,12,1262,386,1318,464
92,11,615,418,646,509
93,1,416,865,473,1015
93,3,1070,840,1138,994
93,18,1049,552,1092,662
93,4,165,730,230,877
93,5,1247,583,1301,720
93,34,38,692,98,818
93,9,1166,497,1217,595
93,45,1,550,51,655
93,6,1780,438,1839,536
93,12,1265,387,1316,464
93,7,631,452,665,548
94,1,416,866,474,1017
94,3,1063,842,1143,996
94,18,1051,557,1092,662
94,4,165,733,233,879
94,5,1248,585,1304,719
94,34,33,694,85,819
94,9,1165,499,1211,597
94,45,0,551,53,655
94,6,1787,439,1838,537
94,12,1267,388,1313,466
94,7,610,454,664,549
95,1,416,866,473,1019
95,3,1060,843,1146,997
95,18,1051,559,1091,662
95,4,164,734,235,881
95,5,1247,586,1304,719
95,34,30,694,78,820
95,9,1161,499,1204,598
95,45,0,551,54,656
95,6,1789,440,1836,538
95,12,1266,391,1305,466
96,1,417,866,474,1020
96,3,1059,845,1151,999
96,18,1053,559,1089,664
96,4,164,735,235,882
96,5,1248,589,1305,718
96,34,25,694,75,823
96,9,1161,498,1199,600
96,45,0,552,55,657
96,6,1793,440,1834,540
96,12,1266,392,1301,467
96,7,593,430,661,550
97,1,418,864,474,1021
97,3,1062,846,1155,999
97,18,1054,557,1087,664
97,4,166,735,238,883
97,5,1249,590,1304,718
97,34,19,693,73,825
97,9,1161,496,1199,601
97,45,0,552,54,658
97,6,1793,439,1832,540
97,12,1263,390,1305,467
97,7,584,429,661,551
98,1,418,862,474,1021
98,3,1063,846,1154,999
98,18,1054,556,1086,665
98,4,168,734,236,883
98,5,1246,590,1301,718
98,34,15,692,71,826
98,9,1159,495,1199,602
98,45,0,552,53,659
98,6,1794,438,1832,540
98,12,1260,390,1306,468
98,7,579,441,660,551
98,50,247,304,271,353
99,1,419,859,474,1021
99,3,1068,846,1154,1000
99,18,1054,554,1090,665
99,4,169,734,237,883
99,5,1245,589,1296,718
99,34,10,691,70,826
99,9,1157,493,1200,602
99,45,1,550,51,658
99,6,1795,436,1836,539
99,12,1259,390,1308,468
99,7,575,435,659,549
100,1,420,857,475,1022
100,3,1071,845,1151,1001
100,18,1053,552,1092,665
100,4,167,733,230,884
100,5,1246,587,1292,720
100,34,3,692,67,826
100,9,1154,492,1200,598
100,45,1,547,48,658
100,6,1791,434,1841,539
100,12,1255,389,1309,466
100,7,574,435,654,549
101,1,420,856,475,1020
101,3,1073,845,1147,1001
101,18,1052,551,1094,664
101,4,166,732,222,884
101,5,1245,586,1291,720
101,34,0,692,64,826
101,9,1151,493,1198,596
101,45,0,545,46,657
101,6,1785,434,1842,539
101,7,569,434,638,551
101,62,1201,461,1213,474
102,1,420,857,476,1017
102,3,1077,845,1139,1002
102,18,1051,550,1096,664
102,4,165,732,213,885
102,5,1245,584,1291,721
102,34,0,697,60,827
102,9,1149,494,1195,594
102,45,0,544,43,655
102,6,1783,434,1846,538
102,7,567,433,635,552
102,62,1201,461,1213,474
102,50,253,299,277,352
103,1,421,859,479,1015
103,3,1081,845,1130,1002
103,18,1050,550,1098,663
103,4,163,731,207,885
103,5,1245,583,1293,721
103,34,0,697,51,827
103,9,1148,495,1193,595
103,45,0,544,41,655
103,6,1784,434,1848,538
103,7,568,431,625,552
103,62,1200,462,1213,474
103,50,255,298,279,352
104,1,421,860,479,1013
104,3,1081,844,1123,1004
104,18,1049,550,1099,662
104,4,162,731,203,884
104,5,1244,582,1294,722
104,34,0,698,44,828
104,9,1146,496,1191,595
104,45,0,543,40,655
104,6,1786,435,1848,538
104,7,570,429,620,552
104,62,1199,462,1211,474
105,1,423,860,480,1014
105,3,1080,845,1121,1005
105,18,1050,552,1098,663
105,4,157,732,200,886
105,5,1244,582,1297,722
105,34,0,711,32,830
105,9,1145,497,1186,596
105,45,0,544,41,655
105,6,1792,436,1849,538
105,7,567,428,618,553
105,62,1198,462,1212,474
106,1,425,859,480,1014
106,3,1076,846,1122,1005
106,18,1051,553,1099,662
106,4,148,733,200,887
106,5,1244,583,1298,721
106,9,1142,496,1179,597
106,45,0,545,44,654
106,6,1798,435,1846,537
106,7,559,428,616,552
106,62,1198,462,1212,475
106,12,1242,391,1285,472
107,1,425,856,478,1013
107,3,1071,846,1123,1005
107,18,1051,555,1099,662
107,4,142,733,200,886
107,5,1244,584,1296,719
107,9,1139,495,1177,598
107,45,0,545,45,652
107,6,1799,434,1843,537
107,7,554,430,614,553
107,62,1198,462,1211,474
107,12,1239,390,1283,472
108,1,426,853,478,1013
108,3,1064,847,1128,1007
108,18,1052,555,1098,662
108,4,133,734,204,887
108,5,1245,585,1294,717
108,9,1137,493,1179,597
108,45,0,544,47,652
108,6,1803,432,1840,536
108,7,547,440,610,553
108,62,1199,462,1212,474
108,12,1237,392,1284,474
109,1,429,850,479,1012
109,3,1058,847,1135,1006
109,18,1054,554,1094,662
109,4,128,735,207,889
109,5,1246,586,1292,716
109,9,1136,491,1181,597
109,45,1,543,49,651
109,6,1805,430,1839,537
109,7,542,448,606,552
109,62,1201,462,1213,474
109,12,1234,391,1283,474
110,1,429,847,480,1010
110,3,1055,847,1138,1007
110,18,1053,553,1092,662
110,4,125,735,208,891
110,5,1246,586,1289,716
110,9,1135,491,1183,597
110,45,0,541,50,651
110,7,533,450,604,552
110,62,1200,463,1213,474
110,12,1232,391,1277,475
111,1,431,846,483,1008
111,3,1057,848,1145,1008
111,18,1055,551,1095,663
111,4,125,736,214,893
111,5,1248,585,1289,718
111,9,1136,490,1186,596
111,45,1,538,52,652
111,7,528,455,604,554
111,12,1235,394,1270,477
111,35,409,286,437,352
111,6,1807,427,1842,537
112,1,434,845,488,1005
112,3,1063,848,1150,1009
112,18,1057,548,1100,663
112,4,130,737,219,892
112,5,1252,584,1292,718
112,9,1136,491,1189,594
112,45,4,536,55,652
112,7,530,459,600,556
112,12,1235,395,1264,477
112,6,1808,427,1847,537
113,1,434,846,490,1003
113,3,1066,848,1151,1009
113,18,1057,547,1101,662
113,4,133,737,223,892
113,5,1252,582,1295,719
113,9,1136,492,1189,593
113,45,5,535,56,650
113,7,531,460,595,557
113,6,1803,427,1848,537
114,1,439,846,495,1001
114,3,1073,847,1151,1009
114,18,1061,546,1107,660
114,4,139,736,226,892
114,5,1255,582,1303,719
114,9,1138,493,1192,591
114,45,10,535,60,649
114,7,539,461,589,557
114,6,1803,428,1852,537
114,12,1229,393,1272,478
115,1,441,846,496,1000
115,3,1079,846,1149,1006
115,18,1064,546,1111,658
115,4,148,734,225,892
115,5,1256,582,1308,719
115,9,1138,494,1191,590
115,45,14,534,65,646
115,7,544,459,584,557
115,6,1803,430,1856,537
115,64,595,435,637,518
115,12,1222,393,1275,477
116,1,442,846,497,999
116,3,1082,846,1145,1004
116,18,1066,547,1112,657
116,4,152,733,222,892
116,5,1253,581,1310,719
116,9,1135,495,1187,591
116,45,15,534,66,645
116,7,545,457,583,556
116,6,1800,430,1859,536
116,64,598,435,639,518
116,12,1216,392,1276,477
117,1,445,844,498,998
117,3,1086,845,1138,1002
117,18,1070,547,1114,656
117,4,158,731,216,892
117,5,1254,580,1313,719
117,9,1134,494,1179,593
117,45,19,534,73,644
117,7,548,452,584,554
117,6,1801,432,1865,537
118,1,448,842,500,999
118,3,1086,845,1132,1002
118,18,1071,548,1112,656
118,4,161,730,212,892
118,5,1258,582,1316,718
118,9,1133,491,1176,594
118,45,23,534,76,644
118,7,548,450,586,554
118,6,1801,434,1872,538
118,64,604,438,646,519
118,12,1203,390,1278,476
119,1,448,839,500,999
119,3,1083,845,1129,1002
119,18,1071,548,1109,655
119,4,162,730,209,892
119,5,1257,582,1315,717
119,9,1131,488,1174,594
119,45,25,533,75,643
119,7,547,449,587,555
119,6,1800,434,1875,538
119,64,604,439,647,519
119,12,1196,390,1276,476
120,1,448,834,501,996
120,3,1079,846,1130,1001
120,4,164,730,207,892
120,5,1258,582,1312,715
120,9,1130,486,1173,591
120,45,28,531,74,643
120,7,545,449,584,556
120,6,1804,435,1878,538
120,64,606,439,649,519
120,12,1191,389,1257,476
121,1,448,831,503,994
121,3,1069,846,1132,1001
121,4,160,731,207,891
121,5,1257,582,1309,714
121,9,1128,484,1173,591
121,45,31,528,77,642
121,7,539,451,582,557
121,6,1808,435,1880,538
121,64,607,439,651,518
122,1,448,830,503,993
122,3,1061,846,1135,1001
122,4,157,731,207,890
122,5,1256,581,1304,714
122,9,1126,484,1173,589
122,45,32,526,77,641
122,7,535,452,580,560
122,6,1811,435,1879,538
122,64,608,439,651,518
123,1,451,829,506,990
123,3,1053,846,1140,1001
123,4,153,733,212,891
123,5,1258,580,1303,714
123,9,1124,484,1173,588
123,45,38,526,80,640
123,7,530,456,581,561
123,6,1816,436,1878,538
123,64,611,438,653,520
123,18,1071,544,1110,654
123,12,1203,388,1235,479
124,1,455,829,509,986
124,3,1049,849,1145,1001
124,4,150,734,218,892
124,5,1258,578,1304,714
124,9,1124,485,1171,587
124,45,44,525,84,639
124,7,527,460,582,563
124,6,1820,437,1875,539
124,64,615,436,657,520
124,18,1071,543,1113,655
124,12,1204,389,1245,478
124,35,473,286,501,351
125,1,457,829,510,985
125,3,1048,851,1148,1001
125,4,147,735,221,893
125,5,1259,577,1304,715
125,9,1123,487,1169,588
125,45,46,525,87,639
125,7,522,462,582,564
125,6,1822,437,1872,539
125,64,615,435,660,521
125,18,1069,543,1115,655
125,12,1204,389,1236,479
126,1,461,829,514,983
126,3,1052,847,1150,999
126,4,148,735,224,893
126,5,1262,577,1306,714
126,9,1124,488,1162,590
126,45,52,525,92,637
126,7,521,463,584,563
126,6,1825,437,1868,539
126,64,618,433,664,520
126,18,1069,542,1119,655
126,12,1204,390,1233,480
127,1,465,828,517,982
127,3,1058,844,1151,998
127,4,151,735,232,893
127,5,1264,576,1311,714
127,45,58,527,97,637
127,7,523,462,587,564
127,6,1826,436,1864,539
127,64,621,430,666,518
127,18,1072,542,1121,655
128,1,467,827,518,981
128,3,1061,843,1149,997
128,4,152,735,233,893
128,5,1264,576,1312,713
128,45,61,528,100,637
128,7,523,462,588,564
128,6,1826,435,1863,538
128,64,622,429,665,518
128,18,1073,543,1121,655
128,9,1123,488,1156,591
128,12,1198,387,1235,479
129,1,471,823,520,978
129,3,1068,839,1144,996
129,4,157,734,239,892
129,5,1267,575,1317,713
129,45,69,528,108,636
129,7,529,462,596,563
129,6,1826,432,1867,538
129,64,624,425,663,516
129,18,1076,543,1122,654
129,9,1122,485,1159,591
129,12,1195,387,1238,479
130,1,476,819,524,976
130,3,1075,838,1137,995
130,4,164,733,249,891
130,5,1271,577,1321,712
130,45,77,529,116,635
130,7,535,461,600,563
130,6,1826,431,1872,538
130,64,627,423,664,514
130,18,1080,542,1122,654
130,9,1120,484,1164,592
130,12,1190,388,1240,478
131,1,477,816,525,974
131,3,1077,838,1131,995
131,4,168,732,248,890
131,5,1273,577,1322,711
131,45,81,528,120,635
131,7,539,461,601,562
131,6,1825,431,1874,538
131,64,628,422,664,514
131,18,1081,542,1122,655
131,9,1119,484,1166,592
132,1,482,814,531,973
132,3,1080,837,1123,996
132,4,174,732,252,890
132,5,1277,578,1326,708
132,45,90,529,129,632
132,7,547,461,601,562
132,6,1826,432,1879,537
132,18,1085,541,1127,655
132,9,1120,482,1170,587
132,12,1190,393,1237,481
133,1,488,813,538,970
133,3,1079,837,1125,993
133,4,183,731,256,889
133,5,1280,577,1326,706
133,45,100,528,140,631
133,7,557,460,599,561
133,6,1827,433,1883,537
133,18,1089,540,1131,655
133,9,1122,483,1173,583
133,12,1193,395,1226,482
133,64,636,425,671,515
134,1,489,813,540,968
134,3,1078,837,1127,992
134,4,186,729,255,889
134,5,1280,577,1324,705
134,45,104,529,144,632
134,7,560,458,596,561
134,6,1829,434,1883,537
134,18,1090,540,1132,654
134,9,1122,483,1172,578
134,12,1192,394,1221,483
134,64,637,425,673,517
135,1,496,812,548,964
135,3,1075,836,1137,991
135,4,192,725,258,887
135,5,1289,576,1327,704
135,45,115,527,157,630
135,7,567,454,600,559
135,6,1835,436,1884,537
135,18,1096,539,1137,651
135,12,1192,395,1228,483
135,64,638,425,679,516
136,1,504,812,557,960
136,3,1072,836,1146,991
136,4,200,720,266,884
136,5,1295,575,1331,704
136,45,127,525,169,628
136,7,575,451,607,558
136,6,1839,436,1884,538
136,18,1102,540,1146,651
136,12,1192,396,1235,481
136,64,640,426,687,514
137,1,507,812,560,959
137,3,1068,835,1150,991
137,4,203,717,266,883
137,5,1297,574,1334,705
137,45,132,524,175,626
137,7,576,449,610,559
137,6,1840,437,1882,539
137,18,1104,539,1156,651
137,64,638,429,690,514
137,68,0,689,30,830
138,1,515,810,569,956
138,3,1073,834,1159,990
138,4,213,714,269,880
138,5,1304,573,1342,703
138,45,145,520,189,624
138,7,582,448,619,557
138,6,1843,436,1882,537
138,18,1112,540,1165,649
138,64,644,428,700,514
138,68,3,691,41,828
138,12,1194,396,1240,480
139,1,525,807,578,955
139,3,1080,833,1167,988
139,4,224,711,281,877
139,5,1312,571,1352,702
139,45,160,517,204,621
139,7,587,448,629,556
139,6,1849,435,1890,537
139,18,1122,544,1171,648
139,64,652,425,710,514
139,68,4,690,55,825
139,12,1198,395,1242,479
140,1,530,804,583,954
140,3,1086,832,1171,987
140,4,230,710,286,875
140,5,1316,571,1358,702
140,45,169,514,212,618
140,7,589,448,634,556
140,6,1851,434,1896,537
140,18,1127,537,1177,647
140,64,658,425,716,513
140,68,2,690,62,825
140,12,1203,394,1235,478
141,1,543,801,595,952
141,3,1099,833,1179,984
141,4,242,711,296,875
141,5,1325,572,1370,702
141,45,186,513,229,617
141,7,595,451,645,556
141,6,1858,434,1907,538
141,18,1137,530,1187,648
141,64,672,425,726,514
141,68,10,690,77,824
141,12,1209,395,1237,480
141,71,71,355,120,438
142,1,557,797,610,951
142,3,1114,832,1184,982
142,4,252,712,309,874
142,5,1336,571,1384,701
142,45,205,512,250,615
142,7,603,453,658,556
142,6,1864,434,1918,539
142,18,1150,531,1198,647
142,64,689,426,738,516
142,68,21,687,96,824
143,1,564,795,616,949
143,3,1122,831,1184,979
143,4,254,714,316,873
143,5,1342,571,1392,701
143,45,216,511,260,612
143,7,606,453,664,555
143,6,1866,434,1920,539
143,18,1156,520,1204,646
143,64,697,425,744,515
143,68,27,686,104,823
143,12,1210,396,1251,479
144,1,580,791,633,943
144,3,1137,827,1188,977
144,4,264,716,332,871
144,5,1356,571,1408,699
144,45,237,510,282,608
144,7,619,453,677,555
144,6,1875,433,1920,539
144,18,1169,527,1213,643
144,64,712,425,754,514
144,68,44,683,116,821
144,12,1213,398,1263,478
145,1,595,789,648,939
145,3,1146,825,1192,976
145,4,271,717,347,869
145,5,1369,571,1420,698
145,45,255,509,302,608
145,7,632,454,690,555
145,6,1887,434,1920,541
145,18,1180,527,1223,643
145,68,60,680,126,818
145,12,1216,396,1272,478
146,1,601,787,653,935
146,3,1149,824,1194,974
146,4,273,716,353,868
146,5,1374,569,1426,696
146,45,265,508,307,607
146,7,639,452,695,553
146,6,1895,435,1920,540
146,18,1184,517,1227,642
146,68,66,677,127,815
146,12,1216,395,1274,478
147,1,615,784,668,929
147,3,1155,823,1208,971
147,4,286,712,365,865
147,5,1387,567,1436,694
147,45,284,505,325,605
147,7,653,450,709,550
147,18,1193,514,1236,641
147,68,79,673,137,811
147,12,1227,395,1276,477
147,64,741,421,779,507
148,1,628,783,678,926
148,3,1152,818,1218,969
148,4,297,709,377,863
148,5,1398,564,1442,693
148,45,300,503,343,603
148,7,668,447,718,549
148,18,1197,522,1245,640
148,68,90,671,145,808
148,12,1237,394,1280,476
149,1,632,781,682,926
149,3,1147,816,1222,969
149,4,303,707,381,863
149,5,1402,562,1443,693
149,45,308,501,352,601
149,7,674,446,720,548
149,18,1197,532,1248,639
149,68,94,670,147,807
149,64,752,423,792,509
150,1,641,779,691,922
150,3,1146,815,1231,966
150,4,315,703,392,860
150,5,1410,560,1449,691
150,45,321,498,361,596
150,7,686,441,727,545
150,18,1200,535,1258,638
150,68,103,669,158,804
150,64,755,423,801,507
150,12,1239,391,1284,472
151,1,649,776,699,920
151,3,1147,813,1241,964
151,4,328,700,398,856
151,5,1418,558,1455,690
151,45,334,496,374,592
151,7,695,438,733,542
151,18,1205,530,1268,637
151,68,109,668,166,802
151,64,758,422,811,506
151,12,1241,389,1288,471
152,1,651,773,702,918
152,3,1147,813,1244,963
152,4,334,698,401,853
152,5,1421,557,1459,689
152,45,340,493,384,590
152,7,698,436,735,542
152,18,1211,529,1273,636
152,68,109,668,171,800
152,64,757,422,816,505
152,12,1241,387,1289,470
152,79,290,347,343,418
153,1,661,769,710,916
153,3,1155,811,1253,961
153,4,345,695,406,849
153,5,1431,555,1467,687
153,45,354,493,398,587
153,7,708,434,744,539
153,18,1222,529,1282,634
153,68,117,667,181,799
153,64,764,421,828,504
153,12,1247,386,1294,469
153,81,1207,464,1244,567
154,1,671,767,720,912
154,3,1165,809,1259,960
154,4,358,694,412,847
154,5,1440,555,1477,685
154,45,369,493,413,587
154,7,715,434,754,540
154,18,1233,529,1291,633
154,68,125,667,191,800
154,64,772,419,840,503
154,12,1253,386,1300,470
154,81,1211,463,1252,569
154,83,14,400,74,474
155,1,674,766,728,912
155,3,1172,809,1262,960
155,4,365,692,415,846
155,5,1446,556,1482,686
155,45,377,494,421,586
155,7,719,435,760,539
155,18,1241,528,1295,632
155,68,132,667,196,800
155,64,774,419,844,502
155,12,1258,386,1303,470
155,81,1211,463,1255,568
155,83,20,399,87,471
156,1,687,766,739,911
156,3,1189,809,1266,960
156,4,378,692,426,845
156,5,1457,557,1495,686
156,7,728,437,773,540
156,18,1255,528,1305,633
156,68,146,668,207,800
156,64,786,420,853,502
156,12,1269,387,1311,470
156,81,1219,466,1265,568
156,83,44,397,108,466
157,1,701,767,751,910
157,3,1204,808,1268,961
157,4,388,692,439,845
157,5,1469,558,1508,688
157,7,737,441,786,540
157,18,1268,525,1314,634
157,68,160,670,216,800
157,64,795,421,860,502
157,83,72,396,131,465
157,45,411,494,453,583
158,1,706,767,759,909
158,3,1211,808,1268,961
158,4,394,691,444,844
158,5,1474,558,1514,689
158,7,741,443,792,540
158,18,1275,525,1318,634
158,68,168,671,219,800
158,64,802,420,861,502
158,83,92,396,143,464
158,45,419,493,462,583
158,12,1285,388,1324,470
158,81,1233,470,1277,569
159,1,720,767,770,906
159,3,1223,807,1271,959
159,4,407,690,457,843
159,5,1488,558,1529,689
159,7,752,445,806,539
159,18,1289,523,1328,633
159,68,182,670,230,799
159,64,813,416,862,501
159,83,113,396,164,465
159,45,436,490,478,580
159,81,1242,470,1281,569
160,1,734,765,783,905
160,3,1231,807,1278,960
160,4,421,689,472,841
160,5,1502,559,1543,686
160,7,763,446,822,540
160,18,1303,523,1340,633
160,68,194,669,242,798
160,64,826,414,869,502
160,83,132,397,188,463
160,45,455,488,493,576
160,81,1252,469,1289,568
160,12,1299,389,1344,469
161,1,739,765,790,905
161,3,1238,808,1281,961
161,4,426,689,478,842
161,5,1509,560,1549,682
161,7,769,447,828,540
161,18,1309,524,1344,634
161,68,200,669,248,798
161,64,829,414,873,503
161,83,141,399,202,461
161,45,463,487,503,577
161,81,1258,468,1292,569
161,12,1300,390,1348,471
162,1,751,765,802,906
162,3,1244,809,1293,962
162,4,440,690,491,841
162,5,1522,560,1563,687
162,7,783,447,843,541
162,18,1321,524,1357,636
162,68,211,667,259,798
162,64,840,413,882,502
162,45,480,487,516,577
162,81,1266,467,1302,569
162,12,1313,394,1359,472
163,1,762,765,813,907
163,3,1246,810,1306,963
163,4,453,690,504,842
163,5,1534,561,1574,687
163,7,796,446,856,541
163,18,1331,525,1369,637
163,68,219,664,270,798
163,64,846,413,891,501
163,45,495,486,532,577
163,81,1276,465,1312,568
163,12,1324,397,1369,474
163,91,3,528,36,638
163,92,63,330,112,413
164,1,767,764,819,907
164,3,1245,811,1313,964
164,4,459,690,511,842
164,5,1538,560,1579,685
164,7,801,446,861,541
164,18,1336,526,1374,637
164,68,222,663,276,797
164,64,850,413,893,500
164,45,503,486,540,577
164,81,1279,466,1315,569
164,12,1330,397,1373,474
164,91,6,528,44,638
164,92,68,332,118,413
165,1,778,765,832,909
165,3,1249,814,1327,967
165,4,472,692,525,842
165,5,1550,560,1592,688
165,7,811,448,870,542
165,18,1344,528,1386,638
165,68,232,663,287,799
165,64,858,415,899,503
165,45,519,486,557,576
165,81,1286,467,1324,568
165,91,18,529,59,640
165,92,78,335,129,415
166,1,789,765,855,909
166,3,1256,816,1341,968
166,4,482,690,540,839
166,5,1562,561,1603,692
166,7,819,449,876,541
166,18,1353,532,1398,640
166,68,240,663,298,798
166,64,866,418,905,503
166,45,533,487,574,576
166,91,31,529,72,639
166,95,260,398,309,462
167,1,794,765,863,909
167,3,1260,816,1346,968
167,4,488,690,546,838
167,5,1567,561,1609,692
167,7,821,449,877,541
167,18,1356,530,1403,641
167,68,246,662,302,797
167,64,870,418,905,502
167,45,540,490,583,574
167,91,38,530,79,639
167,95,267,398,321,463
167,97,871,419,908,504
167,12,1359,399,1401,477
167,81,1296,470,1336,567
167,92,93,340,149,416
168,1,805,766,877,909
168,3,1270,817,1353,968
168,4,497,688,555,836
168,5,1578,562,1621,693
168,7,829,450,881,541
168,18,1367,531,1413,641
168,68,259,664,313,798
168,64,876,420,912,505
168,45,553,488,598,571
168,91,51,528,92,638
168,95,286,394,344,459
168,81,1304,471,1344,569
168,92,106,342,162,417
169,1,815,766,887,909
169,3,1280,816,1358,969
169,4,507,687,561,835
169,5,1588,566,1631,694
169,7,836,450,885,541
169,18,1377,532,1422,640
169,68,270,665,324,796
169,64,878,420,918,505
169,45,565,487,612,571
169,91,64,528,104,638
169,95,305,392,366,455
169,81,1311,473,1346,571
169,92,119,343,174,416
169,12,1382,399,1423,475
170,1,820,766,892,909
170,3,1285,816,1357,967
170,4,510,686,563,835
170,5,1592,566,1636,693
170,7,838,449,888,543
170,18,1384,533,1426,640
170,68,276,666,328,794
170,64,880,420,922,507
170,45,571,487,618,571
170,91,70,528,109,638
170,95,318,391,380,454
170,81,1312,474,1346,572
170,92,123,343,178,417
171,1,830,766,902,908
171,3,1300,815,1359,967
171,4,521,684,571,834
171,5,1603,565,1648,693
171,7,845,447,897,542
171,18,1396,531,1434,641
171,68,287,665,340,793
171,64,887,419,935,506
171,45,583,484,630,572
171,91,81,527,122,639
171,81,1319,474,1352,573
171,92,135,344,190,417
171,12,1401,395,1440,474
172,1,841,764,910,906
172,3,1309,813,1359,966
172,4,528,684,579,833
172,5,1613,563,1659,694
172,7,849,444,904,537
172,18,1406,530,1441,640
172,68,299,662,350,791
172,64,890,417,944,503
172,45,593,479,639,570
172,91,92,526,133,637
172,81,1324,472,1360,572
172,92,144,343,198,416
172,12,1412,389,1453,473
172,95,372,384,421,456
173,1,845,764,912,905
173,3,1312,813,1358,965
173,4,532,684,582,833
173,5,1618,570,1663,693
173,7,851,443,906,535
173,18,1408,529,1443,639
173,68,303,660,354,791
173,64,891,417,948,501
173,45,597,477,644,568
173,91,96,526,137,637
173,81,1326,470,1364,572
173,92,150,342,201,416
173,12,1417,387,1457,473
174,1,855,762,908,903
174,3,1317,813,1363,966
174,4,538,684,591,832
174,5,1629,565,1674,694
174,7,855,442,910,535
174,18,1417,529,1451,639
174,68,313,658,363,791
174,64,899,417,954,495
174,45,606,474,651,564
174,91,105,526,148,636
174,81,1331,467,1372,573
174,12,1428,383,1469,471
175,1,862,762,910,903
175,3,1319,814,1368,967
175,4,544,684,598,833
175,5,1639,564,1684,694
175,7,859,442,910,537
175,18,1424,529,1459,640
175,68,320,655,372,792
175,64,906,417,957,494
175,45,613,472,658,561
175,91,114,526,156,637
175,81,1335,467,1379,574
175,12,1441,383,1481,469
176,1,864,762,910,903
176,3,1319,814,1370,967
176,4,545,685,600,834
176,5,1645,564,1689,695
176,7,860,443,904,537
176,18,1427,529,1462,641
176,68,323,655,374,792
176,64,907,417,957,494
176,45,616,471,660,559
176,91,117,525,159,637
176,81,1336,466,1381,573
176,12,1447,383,1486,466
176,108,691,359,724,434
176,95,432,388,488,454
176,92,172,337,216,417
177,1,869,761,916,903
177,3,1315,815,1377,968
177,4,552,686,606,833
177,5,1653,563,1698,696
177,7,863,443,901,538
177,18,1433,528,1469,640
177,68,332,654,382,789
177,64,909,415,956,494
177,45,622,469,667,558
177,91,124,526,165,636
177,81,1340,466,1386,570
177,12,1460,383,1495,464
177,95,449,380,509,453
177,92,179,334,221,417
178,1,876,760,921,903
178,3,1311,816,1385,969
178,4,558,686,613,834
178,5,1663,561,1706,695
178,7,865,441,904,538
178,18,1438,529,1477,640
178,68,339,654,390,784
178,45,629,468,674,557
178,91,130,524,172,634
178,81,1346,466,1393,567
178,12,1470,383,1503,464
178,95,470,379,527,452
179,1,878,759,924,902
179,3,1308,817,1389,969
179,4,563,687,615,833
179,5,1667,560,1711,693
179,7,864,441,905,538
179,18,1437,529,1482,640
179,68,343,654,394,779
179,45,633,468,677,557
179,91,133,523,175,633
179,81,1347,467,1394,566
179,12,1476,383,1508,463
179,111,0,494,25,591
179,108,723,358,753,429
179,64,909,414,953,495
179,92,188,331,229,415
180,1,880,758,929,901
180,3,1310,816,1399,969
180,4,569,684,621,832
180,5,1676,558,1721,693
180,7,863,438,912,536
180,18,1443,529,1490,639
180,68,350,653,402,777
180,45,639,465,685,556
180,91,141,523,181,633
180,81,1352,467,1397,566
180,111,2,492,32,591
180,108,734,354,766,433
180,64,909,411,957,495
180,95,509,378,549,451
181,1,879,758,935,901
181,3,1315,817,1405,970
181,4,574,683,626,830
181,5,1684,558,1730,692
181,7,857,437,916,535
181,18,1449,529,1498,640
181,68,353,654,410,776
181,45,644,462,689,556
181,91,145,522,186,634
181,81,1355,466,1397,566
181,111,2,493,36,592
181,108,740,353,780,435
181,64,908,410,960,496
181,95,529,380,564,451
181,12,1494,377,1531,462
182,1,877,760,938,902
182,3,1317,817,1408,970
182,4,576,681,628,828
182,5,1688,558,1733,691
182,7,853,436,916,534
182,18,1451,529,1502,641
182,68,356,654,413,777
182,45,646,460,691,556
182,91,146,522,187,633
182,111,0,493,39,593
182,108,743,354,786,437
182,64,904,409,960,493
182,95,536,377,578,452
182,12,1497,377,1537,462
183,1,881,761,943,902
183,3,1323,817,1412,971
183,4,582,680,632,827
183,5,1697,558,1742,690
183,7,854,436,917,534
183,18,1457,528,1509,642
183,68,363,652,420,777
183,45,652,456,698,553
183,91,151,521,191,633
183,111,0,492,43,592
183,108,750,356,797,438
183,64,902,408,960,489
183,12,1506,377,1547,462
183,81,1359,464,1396,568
184,1,887,761,948,904
184,3,1331,817,1413,971
184,4,587,678,637,826
184,5,1706,558,1752,690
184,7,858,435,914,533
184,18,1465,529,1514,640
184,68,370,649,426,777
184,45,656,454,702,550
184,91,155,521,195,631
184,111,0,490,46,594
184,64,900,408,956,488
184,81,1363,462,1398,569
185,1,888,762,950,904
185,3,1334,817,1409,971
185,4,589,676,639,826
185,5,1709,558,1756,690
185,7,860,435,910,533
185,18,1468,529,1514,640
185,68,375,646,430,776
185,45,658,453,704,548
185,91,156,521,196,630
185,111,0,489,47,593
185,64,898,408,951,487
185,81,1364,460,1398,570
185,92,220,329,260,415
185,12,1518,374,1561,461
186,1,893,761,954,904
186,3,1342,817,1407,971
186,4,593,675,643,826
186,5,1715,559,1763,691
186,7,862,433,904,533
186,18,1474,528,1516,640
186,68,381,642,436,776
186,45,661,453,709,545
186,91,158,520,198,630
186,111,0,489,51,593
186,81,1366,460,1401,569
186,12,1527,373,1568,460
186,95,600,385,632,447
186,108,782,360,820,443
187,1,898,760,955,904
187,3,1352,817,1402,971
187,4,598,675,647,827
187,5,1721,559,1771,693
187,7,863,431,916,534
187,18,1480,528,1518,640
187,68,387,641,443,774
187,45,664,453,713,544
187,91,160,519,200,630
187,111,0,489,54,592
187,81,1366,460,1403,567
187,12,1536,371,1576,460
188,1,901,759,955,904
188,3,1354,816,1399,972
188,4,600,674,650,827
188,5,1727,561,1775,694
188,7,863,429,916,533
188,18,1482,528,1518,639
188,68,392,640,447,771
188,45,666,453,712,544
188,91,162,519,202,630
188,111,0,489,56,592
188,81,1366,460,1403,565
188,12,1543,369,1581,460
188,114,666,455,698,545
188,92,230,330,270,413
189,1,905,758,956,904
189,3,1355,816,1396,974
189,4,604,675,659,828
189,5,1733,562,1785,695
189,7,863,429,916,532
189,18,1485,527,1520,640
189,68,397,640,452,769
189,91,165,519,204,631
189,111,2,490,60,592
189,81,1370,461,1405,564
189,114,666,458,704,545
189,115,0,546,27,670
189,116,1357,816,1397,975
189,92,233,330,274,413
189,108,807,360,839,444
190,1,909,757,956,903
190,3,1355,817,1396,975
190,4,607,675,662,828
190,5,1741,563,1792,695
190,7,860,428,914,531
190,18,1490,527,1523,641
190,68,405,641,456,767
190,91,167,518,206,631
190,111,5,488,63,592
190,81,1372,462,1406,562
190,114,667,461,707,545
190,115,0,548,28,671
190,116,1357,817,1398,975
191,1,910,756,956,903
191,3,1353,818,1395,975
191,4,609,676,668,828
191,5,1746,562,1796,696
191,7,856,428,913,529
191,18,1491,527,1525,641
191,68,410,641,459,767
191,91,169,519,206,630
191,111,7,487,64,591
191,81,1372,463,1406,562
191,114,667,459,710,545
191,115,0,547,29,672
191,45,668,458,715,545
191,108,817,363,848,445
192,1,911,756,958,904
192,4,612,677,674,830
192,5,1754,562,1804,695
192,7,852,429,905,529
192,18,1492,527,1528,643
192,68,418,641,465,767
192,91,171,519,209,631
192,111,11,484,66,591
192,81,1372,463,1407,563
192,115,0,544,32,670
192,45,670,458,717,545
192,95,675,385,722,449
192,12,1580,364,1606,456
192,116,1347,820,1400,977
193,1,911,756,959,905
193,4,615,677,677,831
193,5,1760,562,1810,693
193,7,850,429,906,530
193,18,1493,527,1530,642
193,68,423,641,469,767
193,91,172,519,209,631
193,111,12,483,67,590
193,81,1372,462,1405,564
193,115,0,543,32,669
193,45,671,457,720,544
193,95,694,387,730,448
193,12,1586,362,1614,456
193,116,1339,821,1402,979
194,1,909,756,958,905
194,4,615,677,677,832
194,5,1763,563,1813,691
194,7,848,435,904,530
194,18,1491,527,1530,641
194,68,425,640,470,767
194,91,171,519,209,631
194,111,13,481,67,589
194,81,1369,459,1403,565
194,115,0,541,32,669
194,45,672,455,718,543
194,95,705,388,736,448
194,12,1588,362,1616,455
194,116,1334,821,1402,979
195,1,906,755,957,906
195,4,614,676,675,831
195,5,1766,562,1816,690
195,7,846,435,898,529
195,18,1486,527,1529,641
195,68,423,637,471,766
195,91,167,518,205,630
195,111,11,481,64,588
195,81,1365,457,1401,565
195,115,0,540,30,667
195,45,670,454,715,541
195,95,714,376,744,447
195,12,1590,360,1618,453
195,116,1327,822,1402,980
195,108,836,359,865,434
196,1,902,756,963,905
196,4,612,674,670,828
196,5,1769,560,1818,690
196,7,839,436,885,529
196,18,1484,527,1528,640
196,68,419,634,471,766
196,91,163,517,202,630
196,111,7,482,62,587
196,81,1360,455,1399,565
196,115,0,540,28,666
196,45,667,453,710,540
196,95,717,374,762,446
196,12,1591,359,1620,451
196,116,1323,822,1402,980
196,108,837,357,867,433
197,1,900,756,965,905
197,4,611,673,667,826
197,5,1771,558,1820,690
197,7,835,437,880,529
197,18,1483,527,1527,640
197,68,418,631,472,766
197,91,162,517,199,630
197,111,6,482,60,588
197,81,1356,454,1397,564
197,115,0,538,28,664
197,45,666,453,708,540
197,12,1592,358,1622,451
197,116,1321,821,1401,980
198,1,898,756,967,906
198,4,610,672,664,825
198,5,1773,556,1823,689
198,7,829,434,873,528
198,18,1482,528,1527,641
198,68,417,629,474,765
198,91,159,517,197,630
198,111,4,483,58,588
198,81,1349,454,1396,562
198,115,0,536,27,662
198,45,664,453,707,539
198,116,1319,821,1398,980
198,92,234,326,275,411
198,108,839,359,870,433
199,1,896,756,966,906
199,4,610,671,663,825
199,5,1777,554,1827,690
199,7,823,432,866,528
199,18,1482,527,1525,641
199,68,418,629,477,762
199,91,157,516,195,630
199,111,2,485,57,588
199,81,1343,455,1396,562
199,115,0,536,27,661
199,45,663,453,705,538
199,116,1316,819,1392,979
199,92,233,326,274,411
199,12,1596,359,1631,453
200,1,895,756,966,906
200,4,610,670,662,825
200,5,1780,553,1830,692
200,7,820,431,863,528
200,18,1481,526,1525,640
200,68,420,630,480,760
200,91,156,516,194,631
200,111,1,486,57,589
200,81,1341,456,1395,561
200,115,0,537,27,660
200,45,663,454,705,538
200,116,1316,819,1389,977
200,92,232,326,275,410
200,12,1598,360,1634,453
200,95,758,380,791,447
201,1,893,756,964,907
201,4,609,669,661,825
201,5,1784,552,1833,687
201,7,818,430,861,528
201,18,1482,526,1523,639
201,68,421,632,483,759
201,91,154,515,192,630
201,111,1,487,59,590
201,81,1340,458,1395,562
201,115,0,538,28,658
201,45,664,454,705,537
201,116,1316,818,1381,976
201,92,230,325,274,411
201,12,1601,360,1635,452
201,95,768,381,803,445
201,108,844,361,874,429
202,1,892,755,959,906
202,4,609,669,661,824
202,5,1787,551,1835,681
202,7,813,429,859,526
202,18,1482,525,1521,639
202,68,422,633,486,758
202,91,152,515,190,629
202,111,0,487,62,590
202,81,1340,459,1392,560
202,115,0,540,25,656
202,45,663,452,705,536
202,116,1317,817,1373,975
202,92,228,324,273,410
202,12,1601,363,1638,452
202,108,845,359,876,426
203,1,891,755,957,905
203,4,609,668,661,823
203,5,1788,551,1837,680
203,18,1483,525,1520,639
203,68,425,634,490,757
203,91,150,514,188,628
203,111,1,487,64,590
203,81,1339,460,1389,559
203,115,0,541,23,655
203,45,663,451,705,535
203,116,1316,817,1367,975
203,92,227,324,272,410
203,12,1601,363,1639,453
203,108,846,359,877,427
204,1,890,754,948,903
204,4,608,668,660,823
204,5,1790,551,1839,679
204,18,1482,525,1518,639
204,68,430,634,492,757
204,91,145,513,187,628
204,111,0,487,63,590
204,81,1337,458,1385,559
204,45,662,450,706,535
204,116,1312,818,1362,977
204,92,224,324,271,410
204,12,1602,362,1640,452
204,108,847,356,878,430
205,1,887,753,938,901
205,4,607,668,659,823
205,5,1794,551,1840,677
205,18,1479,524,1516,638
205,68,437,631,493,757
205,91,142,513,184,628
205,111,0,485,62,589
205,45,663,447,705,534
205,116,1306,818,1357,979
205,92,221,324,269,409
205,12,1602,362,1640,452
205,108,848,357,878,428
205,7,808,422,848,523
205,115,0,552,16,656
206,1,886,752,934,901
206,4,607,669,658,822
206,5,1796,551,1840,676
206,18,1476,524,1514,639
206,68,443,629,496,757
206,91,140,512,182,628
206,111,0,484,61,588
206,45,664,445,704,533
206,116,1301,818,1354,979
206,92,219,324,269,408
206,12,1602,361,1639,451
206,121,862,412,937,483
206,122,666,446,705,533
206,7,806,420,846,522
206,81,1334,452,1374,558
207,1,880,751,929,902
207,4,602,669,656,821
207,5,1797,550,1842,676
207,18,1471,522,1511,638
207,68,445,625,497,758
207,91,134,512,176,627
207,111,0,481,59,598
207,116,1288,818,1349,979
207,92,215,324,266,408
207,12,1602,358,1636,450
207,121,861,412,928,483
207,122,666,441,703,534
207,7,802,416,842,521
207,81,1332,449,1369,556
208,1,874,752,923,903
208,4,597,669,652,818
208,5,1796,547,1843,675
208,18,1466,523,1506,638
208,68,444,622,496,758
208,91,128,512,170,627
208,111,0,478,53,593
208,116,1273,817,1344,981
208,92,210,324,261,407
208,12,1601,357,1630,447
208,121,858,410,919,486
208,122,665,438,700,534
208,7,797,413,843,520
208,81,1327,446,1364,557
208,108,847,358,874,422
209,1,870,752,920,903
209,4,598,670,650,817
209,5,1796,545,1844,675
209,18,1461,523,1502,638
209,68,443,621,496,758
209,91,123,512,166,628
209,111,0,476,49,590
209,116,1262,817,1340,982
209,92,205,325,257,407
209,12,1596,353,1629,446
209,121,857,409,926,484
209,122,664,437,698,534
209,7,794,416,842,519
209,81,1324,445,1360,557
210,1,860,753,912,905
210,4,588,670,645,818
210,5,1794,543,1844,675
210,18,1452,524,1497,638
210,68,439,621,493,758
210,91,114,512,158,628
210,111,0,474,41,589
210,116,1253,819,1335,982
210,92,198,326,250,408
210,12,1590,351,1626,446
210,121,852,407,929,484
210,122,658,436,692,533
210,7,787,419,828,519
210,81,1319,445,1355,556
211,1,852,754,904,906
211,4,588,670,641,817
211,5,1791,541,1845,674
211,18,1444,524,1492,638
211,68,436,622,491,757
211,91,106,513,150,629
211,111,0,474,34,588
211,116,1243,821,1330,984
211,92,191,328,242,408
211,12,1586,350,1623,445
211,121,851,405,929,483
211,81,1311,446,1350,557
211,125,1791,541,1845,675
212,1,847,754,899,906
212,4,588,668,640,818
212,5,1791,540,1845,672
212,18,1441,527,1489,638
212,68,436,623,491,757
212,91,101,514,146,629
212,111,0,474,32,587
212,116,1238,821,1326,984
212,92,187,328,239,408
212,12,1583,352,1622,444
212,121,853,404,930,481
212,81,1308,447,1347,557
212,125,1790,540,1844,672
212,122,650,437,687,534
212,7,775,417,814,517
213,1,840,755,893,907
213,4,584,668,635,817
213,5,1791,538,1845,671
213,18,1437,526,1483,639
213,68,434,625,487,756
213,91,93,513,136,630
213,111,0,475,28,588
213,116,1233,822,1320,985
213,92,178,325,232,409
213,12,1577,352,1615,442
213,121,857,402,928,482
213,81,1302,449,1342,555
213,125,1791,539,1845,672
213,122,645,436,684,534
213,7,768,415,806,517
213,108,835,352,866,452
214,1,834,756,886,908
214,4,578,667,630,818
214,5,1791,538,1845,670
214,18,1434,526,1478,640
214,68,434,625,487,755
214,91,84,513,128,629
214,111,0,476,25,589
214,116,1230,822,1313,985
214,12,1570,350,1610,440
214,121,865,401,921,481
214,81,1296,449,1338,554
214,122,640,437,681,535
214,7,761,415,799,516
214,108,832,352,865,454
215,1,832,757,882,907
215,4,577,666,629,818
215,5,1792,538,1846,670
215,18,1433,526,1476,640
215,68,436,626,487,756
215,91,79,513,124,629
215,111,0,477,26,590
215,116,1228,821,1308,984
215,12,1567,350,1607,438
215,121,872,400,919,481
215,81,1293,450,1336,553
215,122,637,438,679,535
215,7,757,415,796,516
216,1,827,757,876,908
216,4,575,665,625,818
216,5,1793,539,1848,670
216,18,1427,526,1470,639
216,68,438,626,484,756
216,91,72,513,116,630
216,111,0,480,27,592
216,116,1224,822,1299,985
216,12,1558,352,1602,436
216,121,870,402,919,481
216,81,1289,452,1331,553
216,122,632,439,674,535
216,7,751,415,790,516
217,1,823,757,871,907
217,4,574,664,623,819
217,5,1795,540,1849,671
217,18,1424,526,1465,640
217,68,440,625,482,757
217,91,65,512,108,630
217,111,0,482,32,594
217,116,1222,822,1289,986
217,12,1551,352,1597,435
217,121,867,403,926,482
217,81,1286,452,1326,555
217,122,628,441,670,537
217,7,743,415,785,517
217,92,168,321,215,408
218,1,820,758,868,908
218,4,572,665,622,821
218,5,1799,540,1851,671
218,18,1422,526,1463,639
218,68,442,624,481,758
218,91,62,512,103,630
218,111,1,485,36,595
218,116,1222,823,1282,986
218,12,1548,351,1593,435
218,121,867,403,933,483
218,81,1285,452,1324,556
218,122,625,442,668,537
218,7,740,415,783,518
218,92,170,321,215,409
219,1,816,757,864,908
219,4,568,666,622,823
219,5,1802,539,1854,671
219,18,1419,526,1460,639
219,68,440,623,480,758
219,91,55,513,98,631
219,111,0,486,38,598
219,116,1220,824,1273,989
219,121,866,403,937,483
219,81,1282,452,1321,558
219,122,621,444,664,538
219,7,735,415,779,519
219,92,170,319,213,409
220,1,811,757,860,909
220,4,565,666,626,824
220,5,1804,537,1860,671
220,18,1415,527,1457,639
220,68,437,622,481,760
220,91,50,514,92,633
220,111,0,486,34,598
220,116,1216,824,1264,992
220,121,873,403,943,483
220,81,1280,451,1318,559
220,122,616,443,659,539
220,7,732,413,774,520
221,1,808,757,858,910
221,4,563,667,631,824
221,5,1805,535,1863,671
221,18,1414,526,1455,640
221,68,436,621,483,761
221,91,47,513,89,634
221,111,1,486,31,598
221,116,1212,825,1259,993
221,121,879,403,948,483
221,81,1279,451,1317,560
221,122,614,443,655,539
221,7,731,412,773,521
221,108,827,361,875,459
222,1,804,758,855,910
222,4,560,669,632,825
222,5,1808,532,1867,664
222,18,1409,525,1452,641
222,68,433,621,488,761
222,91,43,514,84,634
222,111,0,487,28,598
222,116,1207,825,1255,993
222,121,893,403,954,483
222,81,1277,451,1316,560
222,122,610,441,649,539
222,7,729,411,770,520
222,108,829,364,875,459
223,1,799,758,851,911
223,4,555,670,627,827
223,5,1815,531,1869,659
223,18,1402,525,1450,641
223,68,430,622,490,760
223,91,36,515,78,632
223,111,0,486,22,598
223,116,1196,826,1249,994
223,121,905,402,960,483
223,81,1275,451,1314,561
223,122,605,438,641,538
223,7,726,410,766,517
223,108,833,367,874,461
223,12,1540,348,1575,436
224,1,796,757,849,910
224,4,552,670,626,828
224,5,1819,531,1871,657
224,18,1400,525,1447,641
224,68,429,623,491,759
224,91,33,515,74,632
224,111,0,485,17,597
224,116,1190,827,1245,993
224,121,910,402,966,482
224,81,1274,451,1314,560
224,122,602,437,637,537
224,7,724,409,763,516
224,108,836,368,874,461
224,127,837,366,871,461
224,12,1539,347,1574,436
224,92,164,316,202,410
225,1,792,757,844,910
225,4,549,669,622,828
225,5,1824,531,1872,656
225,18,1395,524,1445,641
225,68,425,625,489,759
225,91,28,514,68,632
225,116,1184,827,1240,994
225,121,909,400,973,483
225,81,1271,451,1313,560
225,122,596,435,631,537
225,7,720,409,757,516
225,108,837,366,871,461
225,12,1536,345,1572,435
225,92,160,317,201,411
226,1,787,758,839,912
226,4,546,670,617,827
226,5,1827,532,1873,657
226,18,1389,525,1441,641
226,68,424,627,485,759
226,91,21,514,62,633
226,116,1177,828,1234,996
226,121,909,397,978,481
226,81,1267,451,1313,560
226,7,714,410,752,515
226,108,837,365,868,462
226,12,1533,350,1569,434
226,92,156,318,200,411
227,1,783,758,836,912
227,4,546,669,613,825
227,5,1828,532,1873,657
227,18,1386,525,1438,640
227,68,424,628,482,759
227,91,16,514,59,633
227,116,1170,829,1229,996
227,121,911,395,983,478
227,81,1264,451,1312,560
227,7,711,410,749,515
227,108,836,364,867,462
227,92,155,320,200,410
227,130,794,374,830,457
227,127,834,364,868,459
227,122,586,435,619,536
228,1,775,757,830,912
228,4,544,668,607,824
228,5,1824,528,1873,656
228,18,1381,522,1432,641
228,68,424,627,478,759
228,91,7,513,48,633
228,116,1161,830,1221,996
228,121,911,393,986,475
228,81,1258,450,1308,559
228,7,704,408,740,515
228,108,832,361,862,462
228,92,146,320,196,409
228,130,785,366,822,458
228,127,830,361,863,459
228,122,576,435,609,535
228,12,1519,352,1562,433
229,1,766,758,828,913
229,4,542,667,602,824
229,5,1818,525,1874,658
229,18,1376,521,1426,640
229,68,422,626,473,759
229,91,0,514,38,632
229,116,1153,830,1212,997
229,121,918,392,986,476
229,81,1251,450,1304,559
229,7,697,407,732,515
229,108,826,362,857,461
229,92,137,320,191,408
229,127,825,361,858,460
229,122,565,435,599,536
229,45,566,437,597,536
230,1,763,757,823,911
230,4,543,667,600,824
230,5,1815,523,1874,658
230,18,1373,521,1422,640
230,68,421,624,468,759
230,91,0,515,33,631
230,116,1150,831,1207,996
230,121,927,392,988,476
230,81,1247,449,1302,560
230,7,694,405,727,514
230,92,134,321,188,409
231,1,755,758,815,911
231,4,541,666,593,824
231,5,1811,520,1874,656
231,18,1367,520,1414,641
231,68,414,623,463,759
231,91,0,514,24,629
231,116,1140,831,1196,996
231,121,938,392,987,477
231,81,1240,450,1294,560
231,12,1501,348,1548,432
231,108,819,361,850,463
231,122,550,436,582,535
231,45,552,436,583,535
232,1,747,758,805,910
232,4,537,665,587,824
232,5,1808,517,1872,651
232,18,1360,518,1407,640
232,68,406,622,455,759
232,91,0,513,12,629
232,116,1129,831,1185,994
232,121,938,392,991,475
232,81,1233,450,1287,560
232,12,1490,348,1542,432
232,45,541,436,576,536
232,7,677,404,711,512
232,92,115,319,168,407
233,1,744,756,801,910
233,4,536,665,586,825
233,5,1810,515,1873,647
233,18,1357,517,1404,638
233,68,403,622,458,759
233,116,1124,830,1179,993
233,121,938,390,995,475
233,81,1230,450,1283,560
233,12,1480,342,1539,433
233,45,536,435,571,537
233,7,673,403,708,511
233,92,113,317,163,407
233,130,750,373,780,458
234,1,736,757,798,910
234,4,530,665,581,825
234,5,1812,514,1873,645
234,18,1352,517,1398,637
234,68,395,623,451,759
234,116,1114,830,1170,993
234,121,936,386,1000,473
234,12,1477,345,1532,432
234,7,665,403,700,511
234,92,108,315,154,408
234,130,741,375,771,458
234,108,809,365,841,462
235,1,729,756,787,911
235,4,522,665,576,826
235,5,1817,515,1875,646
235,18,1346,517,1390,637
235,68,388,623,445,760
235,116,1106,830,1161,995
235,121,936,383,1007,472
235,12,1473,341,1528,431
235,7,657,403,693,510
235,92,105,312,146,408
235,130,731,372,761,458
235,108,802,358,837,462
235,122,516,434,549,537
235,81,1221,448,1273,560
236,1,727,755,782,911
236,4,518,665,575,826
236,5,1821,515,1876,647
236,18,1342,517,1387,637
236,68,384,623,439,760
236,116,1100,830,1156,996
236,121,940,382,1013,471
236,12,1471,351,1525,431
236,7,654,402,691,510
236,92,104,311,143,408
236,130,727,371,757,458
236,108,799,347,836,462
236,122,511,434,544,537
236,81,1219,447,1271,559
237,1,719,756,774,911
237,4,509,666,570,827
237,5,1823,514,1876,647
237,18,1335,517,1380,637
237,68,375,625,433,761
237,116,1091,830,1147,997
237,121,946,382,1013,473
237,12,1478,344,1521,430
237,7,646,403,684,509
237,92,96,309,133,407
237,130,716,370,745,457
237,108,792,345,833,463
237,122,501,433,536,537
237,81,1216,447,1266,560
238,1,712,755,766,911
238,4,501,667,564,827
238,5,1824,512,1876,647
238,18,1327,515,1373,637
238,68,369,624,426,762
238,116,1076,830,1137,998
238,121,957,382,1014,473
238,7,637,403,677,510
238,92,87,308,126,406
238,130,705,380,734,458
238,108,784,344,830,463
238,122,491,434,527,537
238,81,1213,448,1261,559
239,1,708,754,765,911
239,4,499,666,563,827
239,5,1825,509,1877,647
239,18,1324,515,1369,637
239,68,366,624,425,762
239,116,1067,830,1131,1000
239,121,970,382,1019,473
239,7,633,403,673,510
239,92,85,309,124,406
239,130,700,379,729,459
239,108,782,342,829,462
239,122,486,433,523,537
239,81,1211,447,1259,559
239,12,1476,342,1512,431
240,1,701,754,757,912
240,4,492,667,557,828
240,5,1823,506,1875,645
240,18,1317,515,1361,636
240,68,359,623,418,762
240,116,1057,830,1122,1000
240,121,972,382,1023,472
240,7,624,402,666,509
240,92,77,308,120,405
240,130,688,378,720,458
240,122,477,432,514,535
240,81,1209,446,1252,559
240,12,1472,339,1507,430
241,1,695,754,749,912
241,4,486,666,552,828
241,5,1819,502,1875,642
241,18,1310,514,1353,636
241,68,354,622,405,761
241,116,1049,829,1113,1000
241,121,970,379,1029,470
241,92,71,309,120,405
241,130,674,376,713,458
241,81,1209,445,1247,557
241,12,1463,337,1502,429
241,45,469,430,507,534
241,108,772,346,813,461
242,1,694,753,745,911
242,4,485,664,550,827
242,5,1819,500,1875,639
242,18,1307,514,1350,636
242,68,352,621,400,761
242,116,1045,830,1108,1000
242,121,972,378,1035,469
242,92,68,310,123,405
242,130,671,377,709,458
242,81,1208,446,1244,556
242,12,1455,336,1499,429
242,139,669,373,710,459
242,45,464,429,503,534
242,7,616,401,657,508
243,1,686,753,739,912
243,4,481,664,543,826
243,5,1818,498,1873,634
243,18,1300,513,1344,635
243,68,347,620,395,761
243,116,1037,830,1098,1000
243,121,976,378,1040,462
243,92,63,312,118,406
243,130,663,378,701,461
243,81,1203,445,1240,555
243,12,1454,336,1491,427
243,45,455,430,494,535
243,7,613,400,653,508
243,108,772,356,805,461
244,1,681,752,733,912
244,4,479,663,537,823
244,5,1822,498,1871,632
244,18,1293,513,1337,635
244,68,344,620,389,760
244,116,1031,830,1091,1001
244,121,986,378,1044,460
244,92,58,315,112,407
244,130,652,378,692,460
244,81,1198,446,1235,556
244,12,1444,335,1485,427
244,45,448,430,488,536
244,7,609,398,648,509
244,108,770,362,801,461
244,139,648,375,693,460
245,1,679,753,732,911
245,4,480,663,534,822
245,5,1824,498,1870,631
245,18,1290,514,1335,634
245,68,344,620,386,760
245,116,1027,830,1087,1000
245,121,996,378,1047,458
245,92,56,316,109,407
245,130,647,378,688,460
245,81,1194,446,1233,557
245,12,1439,336,1482,428
245,45,445,430,484,536
245,7,608,397,646,509
245,108,769,362,800,461
245,139,645,376,690,462
246,1,673,753,726,911
246,4,479,661,527,820
246,5,1823,499,1867,630
246,18,1283,513,1327,633
246,68,340,619,381,760
246,116,1020,831,1078,1000
246,121,1010,379,1051,462
246,92,50,318,102,406
246,81,1188,446,1228,557
246,12,1433,335,1474,427
246,45,438,431,477,536
246,7,602,398,641,508
246,108,765,364,797,462
246,139,635,377,683,461
247,1,666,753,719,909
247,4,476,660,521,821
247,5,1822,498,1864,629
247,18,1274,513,1319,633
247,68,335,619,375,760
247,116,1012,830,1069,1000
247,121,1011,379,1059,463
247,92,43,317,94,406
247,81,1180,446,1222,556
247,12,1425,335,1467,428
247,45,430,430,469,536
247,7,594,399,633,507
247,108,759,362,793,460
247,139,627,377,674,461
247,130,628,378,673,459
248,1,664,752,717,908
248,4,475,659,520,821
248,5,1821,496,1863,628
248,18,1271,512,1317,632
248,68,333,619,374,759
248,116,1007,829,1064,1000
248,121,1011,377,1066,462
248,92,39,316,88,406
248,81,1177,446,1220,556
248,12,1421,335,1464,428
248,45,425,430,466,536
248,7,591,395,633,506
248,108,757,359,792,458
248,139,623,375,672,461
249,1,657,751,709,905
249,4,469,658,516,819
249,5,1816,493,1861,626
249,18,1261,511,1309,632
249,68,326,618,370,758
249,116,998,828,1056,999
249,121,1010,377,1075,459
249,92,30,314,79,407
249,81,1169,445,1214,555
249,12,1413,335,1457,429
249,45,417,430,459,535
249,7,583,396,628,506
249,108,751,357,788,457
250,1,650,749,703,902
250,4,463,658,511,819
250,5,1810,489,1857,625
250,18,1253,510,1300,630
250,68,318,617,368,758
250,116,988,828,1048,998
250,121,1016,376,1080,454
250,92,19,312,69,405
250,81,1162,445,1208,554
250,12,1406,335,1451,429
250,45,409,429,450,534
250,7,576,397,624,505
250,108,743,357,783,456
251,1,648,748,701,901
251,4,460,658,510,819
251,5,1807,486,1857,623
251,18,1249,509,1296,630
251,68,315,617,368,758
251,116,982,828,1042,998
251,121,1020,376,1083,452
251,92,14,312,64,405
251,81,1157,444,1205,555
251,12,1403,334,1447,428
251,45,407,429,447,533
251,7,572,386,626,505
251,108,740,358,779,456
252,1,642,748,694,899
252,4,451,657,509,819
252,5,1801,483,1853,618
252,18,1241,509,1287,628
252,68,307,617,365,758
252,116,971,827,1033,998
252,121,1028,374,1083,453
252,92,3,309,54,404
252,81,1150,444,1198,554
252,12,1395,333,1439,428
252,45,399,428,439,532
252,7,566,384,619,504
252,108,734,359,770,456
253,1,635,746,686,899
253,4,444,657,510,819
253,5,1796,480,1851,613
253,18,1234,508,1279,628
253,68,299,617,360,757
253,116,961,826,1026,998
253,121,1040,370,1087,456
253,81,1145,444,1190,553
253,12,1388,331,1432,427
253,45,394,428,431,532
253,7,562,378,610,502
253,108,727,360,763,455
254,1,634,744,684,899
254,4,440,657,508,819
254,5,1799,479,1852,611
254,18,1231,506,1276,628
254,68,296,617,357,756
254,116,955,826,1024,998
254,121,1045,366,1092,456
254,81,1143,443,1186,553
254,12,1385,331,1428,428
254,45,392,428,429,533
254,7,562,376,605,501
254,108,725,360,761,455
255,1,631,743,678,899
255,4,432,657,507,818
255,5,1796,479,1849,610
255,18,1226,507,1269,626
255,68,286,617,351,756
255,116,946,827,1020,998
255,121,1044,363,1097,454
255,81,1138,442,1179,552
255,12,1378,332,1421,429
255,45,387,427,421,532
255,7,558,373,597,501
256,1,627,742,673,897
256,4,425,656,500,817
256,5,1796,480,1848,610
256,18,1219,505,1262,625
256,68,279,617,343,755
256,116,938,825,1015,997
256,121,1048,360,1106,448
256,81,1133,442,1172,550
256,12,1371,332,1412,428
256,45,382,427,415,531
256,7,551,375,591,500
256,108,710,356,748,454
257,1,625,741,672,896
257,4,421,656,499,817
257,5,1797,479,1848,609
257,18,1217,502,1259,624
257,68,275,616,338,755
257,116,933,825,1012,996
257,121,1053,357,1113,445
257,81,1132,441,1169,549
257,12,1368,331,1409,428
257,45,380,427,413,530
257,7,547,373,589,498
257,108,708,354,746,453
258,1,618,739,668,894
258,4,414,655,492,816
258,5,1795,476,1844,607
258,18,1211,500,1251,622
258,68,271,614,331,753
258,116,925,823,1005,995
258,121,1062,354,1117,444
258,81,1130,440,1162,548
258,12,1360,332,1402,427
258,45,374,426,407,530
258,7,539,373,584,498
258,108,701,351,739,452
259,1,612,738,670,893
259,4,409,654,483,815
259,5,1793,472,1840,606
259,18,1204,500,1246,621
259,68,270,611,325,750
259,116,917,821,998,993
259,121,1076,352,1121,445
259,81,1125,439,1156,547
259,12,1353,329,1394,426
259,7,533,370,581,498
259,108,695,349,733,449
260,1,608,737,673,893
260,4,408,653,478,813
260,5,1792,469,1839,606
260,18,1200,499,1244,620
260,68,272,610,322,749
260,116,913,820,995,992
260,121,1089,353,1124,446
260,81,1123,439,1153,548
260,12,1350,329,1391,426
260,7,529,373,582,497
260,108,693,345,731,447
260,45,364,426,398,528
261,1,601,737,674,892
261,4,405,652,471,812
261,5,1787,464,1834,604
261,18,1192,499,1240,619
261,68,274,609,318,747
261,116,906,818,988,992
261,121,1093,353,1131,446
261,81,1118,439,1148,549
261,12,1342,329,1384,425
261,7,531,381,582,496
261,45,358,425,390,528
262,1,595,737,672,891
262,4,403,650,466,810
262,5,1783,462,1832,598
262,18,1184,500,1235,619
262,68,278,609,317,745
262,116,900,817,981,992
262,81,1111,446,1145,550
262,12,1331,330,1376,426
262,7,527,385,582,496
262,45,353,426,384,527
262,130,510,367,540,449
262,108,682,347,718,447
263,1,592,736,670,890
263,4,404,650,464,809
263,5,1782,461,1830,594
263,18,1181,498,1232,620
263,68,281,608,319,745
263,116,897,816,977,992
263,81,1107,449,1144,550
263,12,1328,332,1374,426
263,7,526,387,584,496
263,45,351,425,382,528
263,130,505,362,534,449
263,108,680,344,715,446
263,121,1095,356,1151,444
264,1,585,735,663,889
264,4,403,650,459,808
264,5,1777,460,1827,590
264,18,1172,497,1223,619
264,68,275,609,319,743
264,116,891,816,968,992
264,81,1099,449,1139,549
264,7,519,388,580,495
264,45,345,426,377,528
264,130,497,364,525,448
264,108,674,345,707,445
265,1,581,734,655,886
265,4,403,649,456,806
265,5,1773,461,1822,587
265,18,1164,498,1215,618
265,68,268,608,319,742
265,116,885,815,958,992
265,81,1092,447,1134,549
265,7,512,389,573,495
265,45,339,425,371,526
265,130,487,362,514,447
265,108,668,348,701,444
265,12,1307,335,1358,427
266,1,579,733,651,884
266,4,403,649,456,806
266,5,1772,462,1820,586
266,18,1161,496,1212,617
266,68,265,608,320,741
266,116,882,815,953,992
266,81,1088,445,1131,548
266,7,510,389,571,495
266,108,665,345,698,443
266,12,1305,335,1354,427
267,1,574,731,642,882
267,4,397,647,454,806
267,5,1767,462,1812,585
267,18,1154,496,1204,616
267,68,257,607,319,740
267,116,876,814,942,991
267,81,1079,443,1124,547
267,7,503,388,563,493
267,108,659,347,690,443
267,12,1305,334,1345,426
267,45,327,425,363,525
267,130,473,365,499,448
268,1,572,730,635,881
268,4,390,647,450,805
268,5,1762,459,1806,583
268,18,1149,495,1196,614
268,68,249,608,316,740
268,116,868,814,931,990
268,81,1070,440,1117,547
268,7,498,387,554,492
268,12,1300,333,1335,426
268,45,319,425,356,525
268,130,463,366,489,449
268,121,1130,360,1165,438
269,1,573,730,631,880
269,4,389,647,448,804
269,5,1759,458,1802,583
269,18,1148,493,1193,613
269,68,245,608,316,740
269,116,864,813,926,990
269,81,1067,439,1114,546
269,7,497,387,549,492
269,12,1297,334,1330,426
269,45,315,425,353,525
269,130,457,367,483,448
269,121,1134,362,1168,435
269,108,648,341,679,440
270,1,572,729,622,879
270,4,382,647,444,802
270,5,1750,455,1795,582
270,18,1141,492,1184,611
270,68,237,607,309,739
270,116,856,814,915,988
270,81,1059,439,1107,544
270,7,493,386,539,490
270,12,1286,333,1324,425
270,45,305,425,346,525
270,130,446,367,473,448
270,108,640,339,671,438
271,1,570,725,612,878
271,4,375,646,438,801
271,5,1742,452,1788,579
271,18,1134,490,1176,610
271,68,232,606,301,738
271,116,845,814,903,987
271,81,1051,438,1098,544
271,12,1276,331,1317,424
271,45,295,425,338,525
271,130,433,368,461,447
271,108,630,339,660,437
272,1,568,725,609,877
272,4,370,646,436,800
272,5,1735,449,1784,577
272,18,1131,490,1172,608
272,68,230,605,297,737
272,116,838,814,896,986
272,81,1048,438,1094,545
272,12,1270,330,1314,424
272,45,289,424,333,524
272,130,426,368,453,446
272,108,625,339,654,436
273,1,558,722,599,874
273,4,358,643,428,799
273,5,1723,446,1773,572
273,18,1119,487,1158,606
273,68,224,604,285,735
273,116,824,812,884,984
273,81,1039,436,1082,544
273,12,1254,328,1303,422
273,45,275,423,320,523
273,130,409,369,438,445
273,108,611,338,641,436
273,121,1132,359,1184,433
273,7,483,381,513,488
274,1,547,720,588,871
274,4,345,642,417,797
274,5,1710,444,1761,569
274,18,1105,484,1146,605
274,68,219,603,272,734
274,116,810,811,870,982
274,81,1031,436,1070,541
274,12,1237,325,1285,421
274,45,261,421,308,522
274,130,392,369,422,444
274,108,596,337,626,432
274,121,1122,360,1184,431
274,7,475,379,504,487
275,1,540,720,585,869
275,4,335,641,410,798
275,5,1705,443,1756,567
275,18,1099,486,1139,604
275,68,219,603,268,732
275,116,800,811,863,981
275,81,1027,436,1063,540
275,12,1230,325,1276,420
275,45,255,420,302,521
275,130,381,372,414,445
275,121,1115,363,1187,429
275,7,468,378,498,486
276,1,524,718,575,868
276,4,318,640,393,797
276,5,1691,442,1740,564
276,18,1081,485,1121,603
276,68,211,601,255,731
276,116,781,810,847,978
276,81,1012,435,1049,540
276,45,239,420,285,521
276,121,1098,363,1180,429
276,7,450,378,486,485
276,108,571,336,604,429
277,1,504,717,564,867
277,4,303,640,376,796
277,5,1674,441,1724,562
277,18,1061,486,1103,601
277,68,194,599,244,730
277,116,762,808,829,978
277,81,993,436,1033,540
277,45,224,420,267,520
277,121,1086,359,1170,431
277,7,431,379,474,484
277,108,552,335,585,429
277,130,342,370,376,445
278,1,494,717,560,865
278,4,296,640,363,795
278,5,1666,442,1716,559
278,18,1050,485,1093,600
278,68,186,598,238,730
278,116,753,808,820,976
278,81,983,436,1024,539
278,45,216,420,256,521
278,121,1082,358,1163,431
278,7,421,380,470,484
278,108,540,335,575,428
278,12,1184,326,1219,417
279,1,471,716,544,864
279,4,280,639,342,791
279,5,1644,439,1697,556
279,18,1027,485,1073,598
279,68,167,596,223,729
279,116,734,807,799,974
279,81,962,436,1005,539
279,45,200,419,236,520
279,121,1072,358,1141,430
279,108,518,333,552,425
279,130,307,367,340,445
280,1,448,716,523,864
280,4,262,638,319,791
280,5,1623,437,1674,546
280,18,1003,483,1051,598
280,68,146,596,211,728
280,116,719,806,778,973
280,81,938,436,986,540
280,45,180,420,216,519
280,130,283,366,316,446
280,7,377,381,437,484
281,1,438,716,512,863
281,4,255,638,311,791
281,5,1613,436,1664,542
281,18,991,485,1041,597
281,68,135,595,208,728
281,116,712,806,767,972
281,81,926,437,977,539
281,45,172,420,206,519
281,130,272,366,302,447
281,7,365,382,427,484
282,1,419,715,490,862
282,4,239,638,289,791
282,5,1592,435,1641,542
282,18,970,484,1018,596
282,68,115,596,194,728
282,116,694,806,747,971
282,81,906,437,956,540
282,45,151,422,186,520
282,130,248,364,278,446
282,7,345,383,406,486
282,12,1087,336,1135,419
283,1,402,714,467,860
283,4,225,639,271,792
283,5,1568,435,1619,541
283,18,951,485,996,595
283,68,99,598,176,728
283,116,679,805,729,970
283,81,887,440,937,540
283,45,131,423,168,521
283,130,225,365,255,447
283,7,327,384,385,485
283,161,1868,381,1904,490
284,1,396,714,457,859
284,4,220,639,263,793
284,5,1558,436,1609,541
284,18,942,484,986,593
284,68,93,599,166,728
284,116,669,806,720,969
284,81,879,439,928,539
284,45,122,426,160,522
284,130,214,364,244,447
284,7,320,383,377,485
284,161,1854,382,1894,487
284,121,1024,353,1083,429
285,1,384,712,439,857
285,4,204,639,248,793
285,5,1534,436,1590,540
285,18,925,482,965,593
285,68,81,600,151,727
285,116,651,806,703,967
285,81,865,440,910,538
285,45,102,429,145,523
285,161,1828,380,1875,484
285,108,409,334,441,430
286,1,377,711,421,856
286,4,190,639,236,792
286,5,1514,433,1575,538
286,18,910,481,948,593
286,68,77,601,138,726
286,116,633,804,690,965
286,81,852,440,897,539
286,45,86,430,132,524
286,161,1804,381,1857,481
286,121,1003,350,1077,431
287,1,376,710,414,855
287,4,183,639,231,792
287,5,1508,431,1572,536
287,18,906,482,941,592
287,68,79,600,134,726
287,116,626,804,686,965
287,81,849,440,892,538
287,45,79,429,128,524
287,161,1793,382,1850,481
287,121,1004,352,1079,433
287,130,164,364,196,449
287,108,386,336,415,432
288,1,367,708,405,854
288,4,169,638,223,792
288,5,1498,428,1562,531
288,18,891,480,927,591
288,68,79,597,129,724
288,116,611,803,678,963
288,81,842,439,881,536
288,45,64,431,118,525
288,161,1771,383,1835,482
288,121,996,354,1070,434
288,130,148,364,179,449
288,108,372,337,399,432
288,7,290,385,321,485
289,1,356,708,396,853
289,4,155,638,220,791
289,5,1489,426,1555,531
289,18,878,480,915,591
289,68,74,594,126,723
289,116,597,803,675,962
289,81,832,437,872,536
289,45,52,429,106,524
289,161,1749,385,1818,483
289,121,987,360,1055,430
289,130,131,365,163,451
289,108,358,337,384,431
289,7,280,384,313,484
290,1,353,706,394,853
290,4,149,637,220,789
290,5,1487,425,1555,531
290,18,875,480,910,590
290,68,72,593,127,723
290,116,592,802,676,961
290,81,828,436,870,539
290,45,47,428,101,524
290,161,1737,386,1812,484
290,108,352,337,378,430
290,7,276,384,311,484
291,1,353,706,396,853
291,4,148,638,221,789
291,5,1489,425,1557,531
291,18,875,481,910,590
291,68,73,592,129,723
291,116,592,803,678,961
291,81,829,436,872,540
291,45,46,428,101,524
291,161,1735,386,1812,484
291,108,352,338,377,430
291,7,276,384,312,484
291,166,1426,437,1441,452
292,1,344,707,394,852
292,4,140,638,214,789
292,5,1485,423,1546,529
292,18,865,479,902,590
292,68,64,591,124,723
292,116,583,802,671,960
292,81,820,435,862,538
292,45,39,427,91,524
292,161,1722,386,1797,484
292,108,342,338,367,430
292,7,267,385,309,485
292,130,114,361,144,451
293,1,336,707,399,852
293,4,135,639,210,790
293,5,1487,423,1537,528
293,18,857,479,896,590
293,68,59,590,127,723
293,116,577,802,665,960
293,81,812,437,856,539
293,45,36,428,85,524
293,161,1710,386,1782,483
293,108,335,338,359,430
293,7,260,386,312,486
293,130,105,359,135,452
294,1,334,706,404,851
294,4,134,639,209,789
294,5,1489,421,1534,529
294,18,853,482,895,590
294,68,58,590,130,723
294,116,575,800,662,959
294,81,808,437,854,537
294,45,36,428,82,523
294,161,1705,386,1776,483
294,108,331,337,356,431
294,7,256,386,316,487
294,130,101,355,131,452
295,1,330,705,407,849
295,4,132,638,205,789
295,5,1492,420,1531,528
295,18,848,483,893,589
295,68,58,591,132,722
295,116,574,799,657,958
295,81,803,440,851,537
295,45,38,429,78,523
295,161,1698,388,1761,481
295,108,325,336,352,430
295,7,253,388,317,488
295,130,96,353,127,452
296,1,328,707,408,850
296,4,134,639,200,789
296,5,1488,418,1531,529
296,18,845,484,891,591
296,68,63,594,132,724
296,116,577,800,655,958
296,81,802,444,850,536
296,45,42,430,77,524
296,161,1692,390,1748,480
296,108,323,337,349,431
296,7,251,390,317,490
296,130,94,356,123,455
296,121,1008,368,1065,440
297,1,328,708,410,851
297,4,136,639,196,789
297,5,1493,417,1532,528
297,18,843,484,890,592
297,68,67,596,132,725
297,116,581,800,654,957
297,81,802,446,850,536
297,161,1689,391,1743,481
297,108,321,338,348,431
297,7,251,391,317,490
297,130,92,359,121,456
297,121,1013,371,1072,444
298,1,326,709,409,851
298,4,138,639,192,789
298,5,1478,415,1532,524
298,18,839,485,885,592
298,68,72,597,131,724
298,116,586,800,651,956
298,81,803,447,847,536
298,161,1679,392,1734,481
298,108,318,339,345,431
298,7,252,391,314,491
298,130,89,359,119,457
298,121,1015,373,1073,445
299,1,326,707,407,849
299,4,142,638,192,788
299,5,1479,414,1535,518
299,18,837,484,881,592
299,68,80,596,129,722
299,116,594,798,650,954
299,161,1670,392,1728,481
299,108,316,339,343,429
299,7,254,391,310,490
299,130,85,359,116,457
299,121,1018,375,1069,445
299,176,631,273,656,332
300,1,328,706,405,847
300,4,147,638,194,788
300,5,1486,413,1539,515
300,18,838,483,880,591
300,68,89,594,130,722
300,116,601,798,652,953
300,161,1666,390,1727,480
300,108,315,340,342,428
300,7,258,390,309,490
300,130,84,358,115,458
300,121,1022,375,1068,444
300,176,630,273,655,332
300,177,954,328,1004,423
301,1,331,705,404,847
301,4,154,637,196,788
301,5,1493,416,1545,516
301,18,838,482,878,590
301,68,96,591,135,720
301,116,608,798,656,953
301,161,1657,387,1723,480
301,108,313,340,342,429
301,121,1025,376,1069,445
301,177,954,328,1005,424
301,81,817,444,850,545
302,1,337,705,402,847
302,4,159,636,200,789
302,5,1498,416,1548,517
302,68,101,589,140,721
302,116,613,799,660,953
302,161,1648,386,1718,477
302,108,312,341,342,431
302,121,1029,376,1076,446
302,45,49,435,84,530
302,7,279,390,310,489
303,1,342,704,401,847
303,4,162,637,205,788
303,5,1501,417,1551,517
303,68,104,588,143,720
303,116,615,797,664,954
303,161,1640,385,1715,472
303,108,312,341,342,430
303,121,1033,376,1084,448
303,45,50,436,86,531
303,7,286,391,311,489
303,177,956,332,1005,425
304,1,352,703,403,847
304,4,164,637,213,787
304,5,1506,416,1560,516
304,68,108,588,150,719
304,116,617,796,675,953
304,161,1627,384,1692,471
304,108,312,341,343,431
304,121,1038,376,1091,448
304,45,53,436,89,531
304,177,961,327,1007,424
304,81,827,440,854,545
305,1,364,702,406,846
305,4,166,636,219,785
305,5,1509,416,1566,513
305,68,111,589,156,717
305,116,617,796,689,953
305,161,1615,382,1676,471
305,121,1042,376,1097,451
305,45,56,436,91,531
305,130,80,362,112,455
305,7,289,393,336,488
306,1,369,702,407,846
306,4,167,636,221,785
306,5,1510,415,1570,512
306,68,112,589,159,716
306,116,617,797,697,952
306,121,1043,376,1100,452
306,45,57,438,92,531
306,7,289,358,344,488
307,1,374,701,411,846
307,4,167,635,225,785
307,5,1512,413,1573,510
307,68,114,590,162,716
307,116,616,797,704,952
307,121,1045,378,1101,453
307,45,59,440,93,530
307,7,288,346,349,488
307,18,833,477,880,589
307,161,1610,384,1683,473
308,1,378,701,417,844
308,4,169,634,229,785
308,5,1516,413,1577,506
308,68,117,591,164,717
308,116,617,796,709,951
308,121,1048,378,1102,452
308,45,62,438,95,530
308,7,289,339,355,488
308,180,61,439,92,528
308,161,1611,383,1672,469
309,1,381,700,425,843
309,4,170,633,232,785
309,5,1519,413,1579,506
309,68,119,592,167,717
309,116,619,795,712,950
309,121,1050,378,1103,451
309,45,63,436,97,530
309,7,291,337,357,487
309,180,62,438,93,528
309,161,1612,383,1667,471
309,176,630,273,655,332
309,177,980,324,1009,421
309,18,840,476,885,587
310,1,383,700,437,843
310,4,173,633,237,784
310,5,1523,412,1581,505
310,68,122,594,173,718
310,116,621,796,714,950
310,121,1053,379,1106,453
310,45,65,436,99,530
310,7,295,337,359,487
310,180,65,438,94,530
310,161,1603,383,1661,472
310,176,632,272,657,332
310,177,986,325,1013,421
310,18,841,452,890,587
311,1,386,702,450,843
311,4,179,634,243,784
311,5,1527,410,1586,506
311,68,126,596,180,719
311,116,628,796,718,951
311,121,1056,380,1109,456
311,7,302,339,362,487
311,161,1596,382,1658,475
311,177,991,327,1023,422
311,18,847,446,895,587
312,1,389,702,458,843
312,4,182,635,246,784
312,5,1529,410,1589,505
312,68,130,596,184,719
312,116,634,797,721,951
312,121,1059,381,1111,457
312,7,309,369,364,487
312,161,1609,382,1658,476
312,177,994,328,1029,423
312,18,850,442,896,588
312,45,75,435,104,530
313,1,395,702,467,843
313,4,189,635,251,783
313,5,1536,410,1596,504
313,68,138,597,191,719
313,116,646,796,726,949
313,121,1064,381,1115,459
313,161,1615,379,1660,476
313,177,999,325,1041,423
313,18,856,440,899,588
313,45,80,431,119,530
314,1,400,700,474,843
314,4,196,633,256,781
314,5,1540,408,1601,500
314,68,145,595,196,719
314,116,661,794,732,949
314,121,1070,380,1120,461
314,161,1602,378,1662,476
314,177,1007,323,1052,422
314,18,861,462,904,586
314,45,86,419,125,529
314,180,87,431,121,529
314,7,340,383,375,485
315,1,405,700,479,842
315,4,199,632,260,780
315,5,1543,406,1603,498
315,68,150,594,199,720
315,116,669,793,734,948
315,121,1073,380,1123,463
315,161,1598,377,1663,476
315,177,1010,323,1056,421
315,18,865,475,907,585
315,45,90,419,127,529
316,1,417,697,487,839
316,4,208,630,265,779
316,5,1551,405,1607,497
316,68,159,592,210,718
316,116,685,790,740,946
316,121,1082,380,1131,464
316,161,1606,375,1668,474
316,177,1017,321,1068,421
316,18,872,454,914,583
316,45,96,417,133,530
316,7,361,390,391,487
317,1,431,695,493,836
317,4,213,630,270,779
317,5,1557,402,1609,495
317,68,167,591,216,718
317,116,703,790,749,947
317,121,1089,381,1139,463
317,161,1615,373,1674,474
317,177,1024,325,1072,422
317,18,879,463,921,582
317,7,371,391,402,486
317,180,106,444,139,530
318,1,440,693,496,833
318,4,220,629,273,778
318,5,1559,399,1608,495
318,68,171,591,222,719
318,116,716,790,753,946
318,121,1093,381,1142,463
318,161,1622,372,1677,474
318,177,1028,330,1074,422
318,18,883,469,925,582
318,7,377,390,413,487
319,1,456,691,505,832
319,4,228,628,281,778
319,5,1567,398,1612,493
319,68,179,590,229,719
319,116,727,788,765,945
319,121,1099,382,1149,464
319,161,1633,370,1683,475
319,177,1036,329,1082,421
319,18,889,465,933,581
319,7,388,391,428,486
319,108,346,344,384,425
320,1,472,690,516,831
320,4,239,627,291,777
320,5,1575,394,1618,490
320,68,188,590,240,719
320,116,737,786,783,944
320,121,1108,382,1158,463
320,161,1646,369,1692,473
320,18,898,462,942,580
320,7,401,392,447,484
320,180,130,445,161,531
321,1,482,688,523,830
321,4,244,626,297,776
321,5,1579,393,1619,488
321,68,194,590,245,719
321,116,744,786,797,943
321,121,1112,382,1163,463
321,161,1653,368,1698,473
321,18,903,460,948,579
321,7,408,393,457,484
321,180,136,448,167,530
321,130,118,367,154,457
321,177,1053,329,1096,421
321,108,355,343,400,423
322,1,498,687,541,829
322,4,260,626,312,776
322,5,1592,387,1630,486
322,68,207,590,259,719
322,116,757,785,819,942
322,121,1122,381,1175,463
322,161,1668,368,1712,472
322,18,916,459,961,578
322,7,423,394,478,483
322,180,149,448,182,528
322,130,130,363,169,456
322,108,368,342,413,422
322,45,148,444,184,529
323,1,517,686,566,828
323,4,278,624,330,774
323,5,1608,384,1645,483
323,68,225,591,275,720
323,116,774,784,842,942
323,121,1136,381,1189,466
323,161,1686,367,1728,470
323,18,932,452,977,577
323,7,440,394,499,483
323,130,145,361,186,455
323,108,382,342,430,421
323,177,1088,330,1123,420
324,1,529,686,582,827
324,4,287,623,339,772
324,5,1616,382,1654,480
324,68,235,592,283,719
324,116,782,783,854,941
324,121,1144,383,1193,466
324,161,1697,367,1739,470
324,18,941,458,986,576
324,7,450,393,511,483
324,45,174,446,209,527
325,1,550,685,611,825
325,4,308,622,359,771
325,5,1635,380,1673,480
325,68,253,591,301,720
325,116,802,784,875,941
325,121,1160,382,1205,468
325,161,1717,367,1759,470
325,18,961,442,1003,576
325,7,471,394,531,484
325,45,192,445,232,528
326,1,571,685,641,825
326,4,330,622,380,770
326,5,1655,379,1693,477
326,68,273,592,319,720
326,116,823,783,896,941
326,121,1176,384,1221,470
326,161,1739,368,1778,470
326,18,981,440,1023,576
326,7,496,394,551,486
326,45,215,447,257,530
326,130,190,376,231,453
326,108,423,349,480,420
327,1,582,685,652,824
327,4,340,622,390,769
327,5,1664,379,1702,477
327,68,282,592,327,721
327,116,835,783,904,940
327,121,1184,385,1228,472
327,161,1749,368,1789,471
327,18,990,439,1031,576
327,7,508,395,561,487
327,45,226,447,269,529
327,130,200,366,241,453
328,1,602,684,674,821
328,4,360,621,410,767
328,5,1680,378,1722,478
328,68,301,590,348,718
328,116,859,781,924,936
328,121,1204,388,1246,471
328,161,1769,369,1809,470
328,18,1009,434,1050,572
328,7,536,393,578,484
328,45,250,449,289,526
328,130,218,358,257,451
329,1,625,679,693,818
329,4,381,618,431,764
329,5,1704,378,1743,476
329,68,322,589,369,716
329,116,886,777,948,933
329,121,1221,385,1266,470
329,161,1791,369,1832,467
329,18,1029,432,1072,569
329,7,564,392,599,481
329,45,273,449,310,524
330,1,638,679,704,816
330,4,393,618,444,765
330,5,1714,378,1754,475
330,68,333,588,381,715
330,116,904,777,962,932
330,121,1230,386,1278,469
330,161,1805,371,1844,467
330,18,1040,432,1084,569
330,7,577,391,613,480
330,45,286,450,324,522
330,130,247,354,287,450
331,1,665,676,732,814
331,4,418,617,470,763
331,5,1743,382,1782,475
331,68,358,586,406,714
331,116,936,777,991,930
331,161,1831,370,1872,466
331,18,1063,434,1113,568
331,7,606,392,641,479
331,45,314,449,350,508
332,1,696,674,764,811
332,4,445,614,498,760
332,68,386,583,434,711
332,116,967,776,1023,929
332,161,1861,370,1903,464
332,18,1089,435,1141,568
332,45,343,448,381,509
333,1,713,673,781,808
333,4,459,613,511,759
333,68,400,582,448,711
333,116,983,776,1040,929
333,161,1878,370,1919,464
333,18,1102,436,1155,567
333,45,358,449,396,508
333,5,1788,381,1824,475
334,1,747,674,815,806
334,4,487,614,539,758
334,68,430,583,477,712
334,116,1014,776,1074,929
334,18,1130,437,1184,567
334,45,387,450,427,513
334,5,1818,382,1853,476
334,121,1306,332,1366,473
335,1,782,672,848,805
335,4,512,614,568,757
335,68,459,583,505,711
335,116,1045,774,1112,928
335,18,1156,438,1208,566
335,45,410,449,457,516
335,5,1845,383,1882,476
335,121,1333,359,1388,475
336,1,801,672,863,803
336,4,524,611,579,756
336,68,471,582,518,710
336,116,1059,772,1130,928
336,18,1167,435,1218,565
336,45,422,449,469,511
336,121,1342,374,1397,475
336,130,370,348,412,441
337,1,830,667,890,801
337,4,544,609,603,754
337,68,495,582,542,709
337,116,1084,770,1161,927
337,18,1189,433,1236,563
337,45,442,447,491,521
337,121,1362,380,1415,474
337,130,389,348,435,439
337,7,755,389,795,478
337,5,1881,378,1919,470
338,1,858,662,917,799
338,4,565,606,622,749
338,68,519,581,566,706
338,116,1107,768,1189,926
338,18,1209,430,1257,561
338,45,462,445,512,524
338,121,1377,381,1430,471
338,130,406,347,456,439
338,194,78,489,131,581
338,7,780,387,819,477
339,1,870,659,929,797
339,4,573,605,631,746
339,68,528,582,577,708
339,116,1118,767,1200,926
339,18,1217,428,1261,560
339,45,471,445,519,526
339,130,413,349,465,438
339,194,98,489,148,580
339,7,791,385,830,476
340,1,891,656,947,795
340,4,590,602,645,743
340,68,546,581,596,707
340,116,1136,766,1219,925
340,18,1233,423,1281,560
340,45,488,444,534,529
340,130,429,345,483,435
340,194,125,490,178,579
340,7,810,382,850,475
340,121,1396,381,1450,470
341,1,911,654,966,791
341,4,605,600,659,742
341,68,563,581,612,707
341,116,1153,765,1234,925
341,18,1247,421,1296,559
341,45,504,444,549,531
341,130,443,339,501,435
341,194,149,491,205,579
341,7,828,384,870,474
341,197,3,548,66,657
341,198,673,317,710,404
341,121,1407,381,1463,469
342,1,922,653,976,789
342,4,616,597,666,741
342,68,572,580,621,708
342,116,1163,765,1243,924
342,18,1253,418,1304,558
342,45,511,445,557,531
342,130,452,344,510,434
342,194,163,489,223,580
342,7,837,382,881,474
342,197,7,547,80,658
342,198,679,316,717,403
342,121,1410,379,1468,469
342,201,680,317,716,402
343,1,943,651,995,787
343,4,631,595,682,741
343,68,589,578,636,705
343,116,1182,764,1259,923
343,18,1267,418,1315,556
343,45,526,445,574,529
343,130,466,342,524,433
343,194,189,488,249,582
343,7,856,383,900,474
343,197,22,548,105,658
343,198,693,317,728,401
343,121,1422,379,1480,468
344,1,963,651,1015,785
344,4,647,592,696,740
344,68,603,575,650,704
344,116,1203,763,1275,921
344,18,1279,416,1322,553
344,45,539,444,586,527
344,130,481,337,535,431
344,194,217,487,268,581
344,7,874,379,919,475
344,197,38,540,131,656
344,121,1429,377,1488,469
344,203,3,475,50,566
345,1,974,649,1025,784
345,4,653,590,702,738
345,68,612,575,658,703
345,116,1215,762,1283,919
345,18,1284,415,1326,553
345,45,545,444,594,527
345,194,233,486,277,581
345,7,883,379,929,475
345,197,48,541,144,654
345,121,1433,375,1490,470
345,203,8,474,58,567
345,207,1496,317,1533,409
345,198,710,315,750,400
346,1,996,650,1049,783
346,4,670,590,718,736
346,68,630,574,676,702
346,116,1240,762,1303,919
346,18,1297,417,1344,553
346,45,559,442,610,528
346,194,262,486,306,580
346,7,904,378,950,477
346,197,74,534,169,649
346,121,1446,377,1499,472
346,203,25,474,75,569
346,130,504,330,550,429
347,1,1021,650,1074,781
347,4,691,588,738,735
347,68,651,573,696,700
347,116,1266,760,1324,919
347,18,1309,419,1363,553
347,45,575,441,626,532
347,194,291,486,341,579
347,7,925,380,970,476
347,197,106,530,199,644
347,121,1460,378,1505,473
347,203,45,472,96,569
347,130,522,332,564,428
347,198,737,311,785,398
348,1,1032,644,1087,779
348,4,700,588,747,731
348,68,660,573,705,701
348,116,1280,761,1335,919
348,18,1314,421,1372,552
348,45,584,440,631,536
348,194,304,486,361,579
348,7,937,379,981,475
348,197,128,525,217,641
348,121,1464,378,1505,472
348,203,57,471,108,570
348,130,532,337,568,427
348,198,742,313,794,398
349,1,1052,640,1113,775
349,4,719,585,766,730
349,68,678,572,725,700
349,116,1302,758,1357,917
349,18,1332,423,1390,551
349,45,600,439,644,534
349,194,328,482,390,578
349,7,958,380,1001,473
349,197,168,520,243,636
349,121,1476,376,1521,471
349,203,79,470,125,567
349,130,550,335,580,424
349,198,757,310,812,396
349,207,1568,302,1610,407
350,1,1073,635,1138,771
350,4,739,583,786,725
350,68,698,568,743,699
350,116,1324,754,1379,915
350,18,1349,421,1408,549
350,45,614,438,660,531
350,194,359,480,417,578
350,7,980,382,1023,471
350,197,199,516,273,632
350,121,1486,375,1540,469
350,203,98,468,144,565
350,130,566,333,595,421
350,198,773,305,828,394
350,207,1590,302,1633,405
351,1,1086,632,1151,769
351,4,747,581,795,726
351,68,706,567,753,700
351,116,1330,753,1389,914
351,18,1357,420,1415,548
351,45,621,438,665,529
351,194,376,480,428,578
351,7,991,379,1035,469
351,197,212,513,289,631
351,121,1489,373,1548,467
351,203,107,466,154,563
351,207,1602,301,1644,405
352,1,1111,628,1172,766
352,4,764,578,811,723
352,68,723,566,769,698
352,116,1355,750,1409,910
352,18,1373,418,1427,546
352,45,635,436,679,527
352,194,404,478,449,576
352,7,1010,372,1055,466
352,197,232,508,320,626
352,121,1497,370,1563,465
352,203,124,462,171,559
352,207,1621,304,1663,401
352,130,586,330,616,417
352,198,793,300,832,387
353,1,1133,624,1192,764
353,4,779,575,826,719
353,68,737,564,783,697
353,116,1372,748,1427,908
353,18,1386,414,1436,545
353,45,644,434,690,524
353,194,424,476,469,575
353,7,1027,368,1073,465
353,197,256,502,352,618
353,121,1503,368,1571,461
353,203,137,458,188,555
353,207,1640,302,1680,399
353,198,801,296,847,384
354,1,1147,623,1202,762
354,4,786,573,832,719
354,68,744,564,790,696
354,116,1383,747,1436,907
354,18,1390,413,1440,544
354,45,649,434,694,525
354,194,435,474,484,574
354,7,1035,367,1081,466
354,197,271,500,377,616
354,121,1504,368,1572,461
354,203,142,455,194,553
354,207,1647,302,1689,397
354,216,351,258,391,355
355,1,1166,621,1220,760
355,4,799,573,845,716
355,68,758,565,802,695
355,116,1399,747,1451,907
355,18,1401,412,1452,544
355,45,655,435,705,529
355,194,452,474,512,575
355,7,1049,366,1095,467
355,197,300,498,401,614
355,121,1511,369,1575,463
355,203,153,453,203,554
355,130,607,327,650,415
356,1,1187,620,1237,760
356,4,810,571,858,717
356,68,767,564,813,696
356,116,1414,747,1466,907
356,18,1408,409,1464,542
356,45,661,438,713,535
356,194,469,474,535,576
356,7,1063,367,1109,470
356,197,332,497,417,615
356,121,1516,369,1573,463
356,203,162,452,208,558
356,198,821,292,862,383
356,207,1677,303,1721,398
356,216,376,257,417,353
357,1,1196,618,1245,758
357,4,815,569,863,716
357,68,774,565,820,695
357,116,1420,747,1473,906
357,18,1410,410,1470,542
357,45,665,440,718,538
357,194,478,474,549,581
357,7,1070,368,1115,471
357,197,355,497,424,616
357,121,1516,368,1568,464
357,203,165,452,210,560
357,198,825,295,866,383
357,207,1685,304,1729,398
357,216,381,257,422,354
357,130,620,327,665,415
358,1,1213,617,1261,755
358,4,826,570,874,715
358,68,785,565,831,695
358,116,1431,747,1487,905
358,45,673,444,729,538
358,194,497,476,565,583
358,7,1085,369,1128,471
358,197,390,496,443,616
358,121,1521,370,1573,465
358,203,174,453,218,562
358,198,832,292,874,383
358,207,1698,304,1743,399
358,130,630,325,673,416
359,1,1231,616,1279,752
359,4,834,569,886,717
359,68,795,564,843,695
359,116,1447,747,1504,904
359,45,685,447,744,540
359,194,518,476,590,585
359,7,1099,369,1141,470
359,197,420,496,470,612
359,121,1523,368,1580,463
359,203,182,453,229,560
359,18,1425,437,1474,544
360,1,1241,616,1289,752
360,4,839,567,893,715
360,68,803,562,851,694
360,116,1455,746,1513,903
360,45,692,448,753,539
360,194,530,474,602,584
360,7,1106,368,1149,469
360,197,435,495,488,610
360,121,1521,366,1584,462
360,203,185,454,235,560
360,219,1460,408,1504,512
360,18,1426,446,1474,546
360,198,845,289,888,382
361,1,1259,613,1308,749
361,4,853,566,906,712
361,68,819,560,865,693
361,116,1471,742,1530,900
361,45,704,447,769,536
361,194,551,471,619,581
361,7,1121,366,1163,467
361,197,459,493,520,608
361,121,1527,362,1593,458
361,203,193,451,250,557
361,219,1473,405,1517,511
361,18,1435,445,1482,546
361,198,855,288,897,381
361,130,658,322,691,411
362,1,1278,611,1328,746
362,4,866,563,920,710
362,68,831,557,879,691
362,116,1489,739,1547,898
362,45,723,444,785,537
362,194,573,467,632,578
362,7,1136,364,1177,466
362,197,484,493,550,605
362,203,201,448,262,557
362,219,1490,403,1536,510
362,18,1447,443,1489,544
362,216,429,250,478,344
362,207,1760,300,1801,397
363,1,1288,609,1340,744
363,4,871,561,926,709
363,68,838,557,887,689
363,116,1497,737,1556,897
363,45,732,443,790,538
363,7,1144,363,1183,466
363,197,498,493,562,606
363,203,204,446,267,557
363,219,1499,402,1542,507
363,18,1453,443,1491,543
363,216,434,247,484,343
363,130,673,315,705,406
364,1,1306,606,1359,741
364,4,883,558,938,706
364,68,852,554,899,689
364,116,1513,734,1574,894
364,45,746,442,802,539
364,7,1158,359,1197,465
364,197,521,491,580,604
364,203,211,442,281,555
364,219,1513,401,1555,505
364,18,1464,439,1499,542
364,216,444,243,496,340
364,221,1515,401,1552,505
364,207,1786,296,1827,393
365,1,1324,603,1379,737
365,4,898,556,951,703
365,68,867,552,912,685
365,116,1530,733,1594,893
365,45,758,442,810,538
365,7,1172,356,1212,464
365,197,541,489,609,600
365,203,219,439,293,553
365,219,1528,399,1583,503
365,18,1471,436,1506,540
365,216,458,240,508,336
365,198,883,281,917,371
365,130,691,310,728,401
366,1,1334,599,1391,735
366,4,904,554,957,703
366,68,874,552,919,683
366,116,1538,732,1604,892
366,45,764,442,816,538
366,7,1179,357,1219,464
366,197,554,487,630,599
366,203,222,437,296,553
366,219,1536,397,1588,501
366,18,1475,435,1510,539
366,216,463,240,514,335
366,198,887,283,925,369
366,130,696,312,735,400
366,207,1814,294,1853,389
367,1,1353,595,1408,733
367,4,916,553,970,701
367,68,890,550,932,682
367,116,1554,730,1622,891
367,45,777,442,829,536
367,7,1193,357,1234,463
367,197,574,485,657,598
367,203,231,436,302,551
367,18,1484,432,1521,535
367,216,476,237,527,334
367,198,895,286,937,367
367,130,705,311,748,398
367,194,653,454,702,549
368,1,1371,593,1426,731
368,4,927,552,982,701
368,68,903,549,944,681
368,116,1570,729,1637,890
368,45,791,441,842,535
368,7,1206,357,1247,462
368,197,595,480,678,595
368,203,238,434,305,550
368,18,1491,430,1532,535
368,216,488,237,539,332
368,198,900,286,949,367
368,130,715,310,761,396
368,194,666,450,720,554
368,221,1565,399,1601,496
368,219,1560,396,1606,498
369,1,1381,592,1436,731
369,4,931,551,988,700
369,68,909,550,949,680
369,116,1579,729,1644,890
369,45,798,441,849,534
369,7,1213,358,1254,461
369,197,606,479,688,595
369,203,240,434,304,551
369,18,1493,429,1537,535
369,216,493,236,544,332
369,198,901,281,953,366
369,130,718,306,765,395
369,194,672,450,731,557
370,1,1399,590,1451,726
370,4,942,549,998,698
370,68,921,549,960,680
370,116,1593,728,1658,889
370,45,812,440,863,534
370,7,1225,356,1268,461
370,197,623,476,700,593
370,203,250,430,306,550
370,18,1498,428,1548,535
370,216,504,239,554,331
370,198,909,277,960,365
370,130,728,303,775,394
370,194,682,448,748,559
370,207,1872,291,1909,385
371,1,1417,588,1468,722
371,4,946,548,1009,697
371,68,935,548,971,683
371,116,1605,726,1669,888
371,45,830,439,878,540
371,7,1235,354,1280,459
371,197,640,471,711,590
371,203,258,427,305,548
371,18,1506,427,1555,535
371,216,513,237,562,328
371,130,736,299,783,393
371,194,688,446,754,560
371,219,1555,387,1635,492
372,1,1425,587,1475,719
372,4,946,548,1014,696
372,68,940,548,976,689
372,116,1612,725,1675,887
372,45,839,439,885,542
372,7,1240,353,1285,459
372,197,649,470,715,590
372,203,261,425,304,546
372,18,1509,428,1553,535
372,216,516,237,565,327
372,130,739,298,786,391
372,194,706,446,759,561
372,219,1556,383,1641,489
373,1,1440,585,1491,713
373,4,954,547,1024,694
373,116,1624,721,1686,883
373,45,853,438,897,542
373,7,1249,350,1295,458
373,197,665,463,723,587
373,203,267,422,307,544
373,18,1518,425,1560,535
373,216,525,234,572,322
373,194,723,446,775,561
374,1,1454,584,1509,709
374,4,963,545,1032,691
374,116,1634,717,1695,880
374,45,865,437,921,539
374,7,1259,348,1304,457
374,197,680,458,732,583
374,203,271,418,312,542
374,18,1525,422,1565,532
374,216,531,230,577,319
374,194,738,448,795,560
374,221,1625,382,1665,485
375,1,1462,583,1521,709
375,4,969,544,1036,689
375,116,1640,715,1700,878
375,45,871,438,927,538
375,7,1263,347,1308,457
375,197,688,457,735,581
375,203,272,418,312,542
375,18,1528,423,1566,530
375,194,745,450,804,567
375,221,1629,381,1670,486
375,130,755,287,793,383
376,1,1474,580,1542,706
376,4,974,541,1042,685
376,116,1648,712,1708,875
376,45,881,437,941,536
376,7,1272,345,1315,453
376,197,699,454,744,579
376,203,274,415,316,540
376,18,1533,421,1572,526
376,194,760,454,817,572
376,221,1637,380,1679,485
376,130,760,281,794,379
376,216,542,225,579,312
377,1,1485,576,1560,703
377,4,979,533,1049,681
377,116,1657,708,1717,872
377,45,891,435,950,535
377,7,1280,342,1322,449
377,197,709,452,755,577
377,203,274,414,319,537
377,18,1536,413,1575,523
377,194,776,458,825,571
377,221,1644,378,1687,481
377,130,763,277,797,375
377,216,546,220,585,308
378,1,1489,574,1569,700
378,4,982,529,1052,679
378,116,1659,704,1720,870
378,45,898,433,958,537
378,7,1283,341,1324,447
378,197,716,451,762,575
378,203,272,414,320,534
378,18,1537,404,1578,520
378,194,783,459,828,571
378,221,1647,376,1690,480
378,130,764,276,799,373
378,216,547,217,586,305
379,1,1495,569,1579,697
379,4,986,525,1057,675
379,116,1665,700,1726,865
379,45,910,432,958,535
379,7,1288,337,1328,442
379,197,724,448,775,573
379,203,268,410,322,530
379,18,1538,400,1582,517
379,194,794,459,835,573
379,221,1654,372,1696,478
379,130,767,272,804,368
379,216,550,211,591,300
379,198,933,246,976,339
380,1,1501,565,1586,694
380,4,993,523,1064,672
380,116,1673,697,1733,863
380,45,921,432,976,534
380,7,1294,333,1334,441
380,197,731,447,784,571
380,203,265,408,323,528
380,18,1539,404,1583,516
380,194,805,460,846,573
380,221,1660,370,1702,475
380,130,771,267,807,365
380,216,557,211,593,296
381,1,1507,563,1590,693
381,4,996,523,1066,672
381,116,1676,696,1737,863
381,45,926,432,984,533
381,7,1296,332,1336,443
381,197,734,448,790,570
381,203,262,408,322,528
381,18,1537,407,1582,516
381,194,809,461,852,573
381,221,1664,370,1706,474
381,130,771,266,808,365
381,216,560,214,593,294
381,231,881,427,904,441
382,1,1519,562,1597,692
382,4,1001,523,1072,672
382,116,1682,696,1742,863
382,45,931,429,993,533
382,7,1300,331,1342,442
382,197,740,448,796,574
382,203,258,410,322,531
382,18,1538,408,1583,517
382,194,817,464,862,574
382,221,1670,370,1711,473
382,130,773,267,808,364
382,198,936,246,969,333
383,1,1539,561,1603,692
383,4,1003,524,1075,673
383,116,1688,698,1748,864
383,7,1303,333,1345,445
383,197,748,450,801,576
383,203,258,412,323,533
383,18,1539,407,1584,520
383,194,830,467,874,576
383,221,1673,372,1715,475
383,130,775,268,806,364
383,198,935,248,966,335
384,1,1550,560,1608,692
384,4,1003,524,1077,674
384,116,1690,698,1750,865
384,7,1303,334,1347,447
384,197,753,451,806,577
384,203,259,413,323,533
384,18,1539,408,1583,522
384,194,837,470,881,578
384,221,1675,372,1718,475
384,130,775,269,805,365
384,198,934,250,963,336
384,216,563,207,597,294
384,45,926,427,1012,530
385,1,1562,559,1614,691
385,4,1004,525,1080,675
385,116,1693,699,1754,866
385,7,1304,337,1349,449
385,197,767,451,816,578
385,203,261,414,322,535
385,18,1541,411,1582,524
385,194,840,472,892,580
385,221,1677,373,1722,475
385,130,774,270,804,366
385,198,930,250,966,337
385,234,1273,161,1300,227
385,216,564,204,598,294
385,45,933,430,1020,527
386,1,1570,558,1623,690
386,4,1006,525,1082,676
386,116,1694,700,1755,867
386,7,1303,338,1348,450
386,197,778,451,828,579
386,203,261,413,318,536
386,18,1539,413,1579,524
386,194,838,473,907,581
386,221,1677,373,1723,477
386,130,771,271,804,366
386,198,925,250,966,338
386,216,563,202,598,295
386,45,946,434,1026,529
386,235,1502,329,1541,429
386,236,773,272,804,367
387,1,1575,559,1629,691
387,4,1007,526,1082,678
387,116,1694,701,1755,868
387,7,1301,340,1346,451
387,197,781,451,834,580
387,203,260,412,314,537
387,18,1536,413,1576,525
387,194,838,476,916,580
387,221,1675,373,1723,478
387,130,769,272,802,368
387,198,920,251,965,340
387,45,949,435,1030,531
387,235,1496,327,1538,429
387,236,770,271,803,368
388,1,1580,560,1641,694
388,4,1008,528,1082,679
388,116,1694,702,1755,869
388,7,1298,341,1342,452
388,197,782,452,842,581
388,203,259,412,311,538
388,18,1532,412,1573,525
388,194,843,480,927,582
388,221,1669,374,1723,481
388,130,766,271,800,369
388,198,914,252,963,340
388,45,954,438,1032,539
388,235,1484,328,1534,431
389,1,1585,563,1648,697
389,4,1007,529,1081,680
389,116,1694,703,1755,871
389,7,1296,342,1338,454
389,197,786,453,851,582
389,203,258,412,308,539
389,18,1526,415,1570,527
389,194,851,488,936,585
389,221,1662,376,1723,482
389,130,762,272,799,371
389,198,906,254,959,341
389,45,961,443,1033,550
389,235,1464,331,1531,435
389,216,554,204,595,299
390,1,1588,564,1653,698
390,4,1006,529,1079,681
390,116,1694,704,1755,871
390,7,1294,342,1335,457
390,197,788,453,858,582
390,203,257,412,305,541
390,18,1521,417,1567,528
390,194,856,493,942,587
390,221,1656,378,1722,483
390,130,759,271,797,372
390,45,964,447,1034,558
390,235,1454,331,1527,435
390,216,551,206,593,300
391,1,1591,566,1654,699
391,4,1008,529,1078,682
391,116,1694,705,1756,872
391,7,1290,342,1332,460
391,197,792,454,865,582
391,203,255,413,302,543
391,18,1518,418,1564,529
391,194,865,498,947,587
391,221,1652,382,1721,485
391,130,755,273,794,374
391,45,968,450,1037,562
391,216,546,206,591,301
392,1,1593,566,1656,699
392,4,1011,529,1078,682
392,116,1695,705,1759,872
392,7,1283,343,1330,461
392,197,799,453,872,580
392,203,254,415,299,544
392,18,1515,418,1563,533
392,194,884,503,953,588
392,221,1651,386,1718,485
392,130,752,275,793,375
392,216,540,206,590,301
392,68,997,544,1041,677
392,235,1433,336,1512,439
393,1,1595,565,1657,699
393,116,1695,705,1761,872
393,7,1279,344,1329,462
393,197,806,453,876,580
393,203,254,417,298,546
393,18,1515,419,1561,534
393,194,895,505,957,588
393,221,1650,388,1718,484
393,130,751,276,791,376
393,216,537,208,589,301
393,68,996,545,1041,677
393,235,1426,338,1505,442
393,198,891,256,925,344
394,1,1596,564,1659,698
394,116,1695,704,1763,872
394,7,1273,347,1325,463
394,197,816,453,880,581
394,203,252,420,297,547
394,194,909,505,966,588
394,221,1650,390,1720,483
394,216,537,209,588,301
394,68,990,539,1039,678
394,235,1425,340,1489,443
394,45,979,457,1033,566
394,4,1019,530,1081,683
395,1,1598,562,1662,697
395,116,1695,704,1763,871
395,7,1267,351,1322,464
395,197,829,450,885,582
395,203,249,423,295,548
395,194,917,503,972,588
395,221,1650,391,1720,483
395,216,534,209,586,301
395,235,1420,341,1471,442
395,45,983,459,1029,577
395,4,1021,532,1082,683
395,18,1510,425,1555,536
395,130,744,276,782,375
395,198,882,253,912,343
396,1,1599,562,1664,696
396,116,1694,704,1763,871
396,7,1264,353,1319,464
396,197,839,449,888,580
396,203,248,425,294,549
396,194,921,500,976,588
396,221,1650,391,1720,482
396,216,532,209,584,300
396,235,1417,341,1463,442
396,45,986,461,1030,567
396,4,1022,534,1085,683
396,18,1508,429,1553,537
396,130,742,275,778,375
396,198,880,252,909,343
396,68,986,536,1035,678
397,1,1598,562,1668,695
397,116,1691,702,1760,870
397,7,1261,355,1315,463
397,197,847,448,892,582
397,203,246,428,292,550
397,194,924,496,981,587
397,221,1648,390,1718,483
397,216,527,209,581,300
397,235,1410,340,1452,441
397,45,989,465,1031,554
397,4,1021,535,1093,682
397,18,1503,432,1550,538
397,130,739,274,772,374
397,198,868,251,904,344
397,68,984,533,1034,676
397,234,1273,160,1301,230
398,1,1597,563,1671,696
398,116,1688,702,1757,869
398,7,1257,356,1310,463
398,197,856,447,896,585
398,203,242,429,289,550
398,194,930,487,987,587
398,221,1644,389,1713,486
398,216,523,208,576,299
398,235,1402,339,1441,442
398,4,1017,538,1096,683
398,18,1496,433,1545,540
398,130,734,274,766,374
398,198,856,251,897,344
398,68,980,532,1030,676
399,1,1595,565,1674,697
399,116,1686,702,1755,868
399,7,1254,357,1307,463
399,197,860,447,898,587
399,203,240,430,288,552
399,194,940,482,990,589
399,221,1645,389,1711,490
399,216,515,208,572,299
399,235,1389,339,1434,447
399,4,1015,542,1097,683
399,18,1492,434,1542,542
399,130,730,273,762,374
399,68,978,532,1035,676
400,1,1590,570,1674,700
400,7,1247,357,1302,464
400,197,862,448,898,588
400,203,235,431,284,554
400,194,947,479,990,591
400,221,1645,389,1705,492
400,235,1370,341,1422,448
400,4,1010,544,1096,684
400,18,1485,436,1535,547
400,130,723,274,756,376
400,68,971,538,1027,679
400,198,837,263,882,350
401,1,1586,573,1672,702
401,7,1242,358,1297,468
401,197,863,451,901,590
401,203,230,431,280,555
401,194,951,476,994,593
401,221,1644,393,1698,493
401,235,1352,347,1408,451
401,4,1006,544,1092,685
401,18,1478,439,1526,551
401,130,715,276,748,378
401,68,960,542,1020,682
401,116,1676,702,1745,868
401,216,506,208,560,300
402,1,1583,575,1670,702
402,7,1240,358,1294,470
402,197,864,453,903,591
402,203,226,430,278,555
402,194,954,474,997,577
402,221,1643,395,1694,494
402,235,1341,351,1400,452
402,4,1004,544,1090,685
402,18,1474,441,1521,552
402,130,710,276,744,378
402,68,953,544,1014,682
402,116,1673,702,1742,867
402,216,501,209,555,300
402,45,996,475,1040,569
403,1,1576,575,1664,702
403,7,1236,358,1288,472
403,197,864,456,905,591
403,203,223,428,273,555
403,221,1638,396,1688,494
403,235,1328,352,1387,453
403,4,1003,545,1084,684
403,18,1466,442,1510,553
403,130,704,277,736,379
403,68,944,545,1010,684
403,116,1668,701,1738,867
403,216,498,210,549,300
403,198,820,270,854,352
404,1,1569,573,1657,699
404,7,1233,360,1284,474
404,197,865,459,910,591
404,203,222,425,269,555
404,221,1636,397,1683,492
404,235,1321,352,1374,455
404,4,997,539,1080,683
404,18,1458,443,1501,552
404,130,697,277,728,379
404,68,939,546,1004,683
404,116,1662,699,1734,867
404,216,497,209,542,299
404,198,814,271,845,351
404,194,959,471,1001,553
405,1,1565,571,1651,699
405,7,1230,362,1283,474
405,197,866,460,915,592
405,203,221,424,266,555
405,221,1635,398,1681,492
405,235,1318,352,1370,455
405,4,993,536,1077,683
405,18,1450,443,1496,553
405,130,693,277,724,379
405,68,938,547,1002,683
405,116,1660,699,1731,866
405,216,495,207,539,299
405,198,809,270,839,351
406,1,1559,568,1638,699
406,7,1227,363,1279,474
406,197,866,460,918,593
406,203,220,423,263,556
406,221,1633,397,1679,494
406,235,1310,353,1359,455
406,4,992,531,1072,683
406,18,1436,443,1488,555
406,68,932,548,998,681
406,116,1656,698,1727,866
406,198,795,265,832,352
406,234,1238,154,1267,230
407,1,1550,566,1623,700
407,7,1223,366,1274,475
407,197,866,462,914,592
407,203,218,424,259,558
407,221,1631,399,1676,500
407,235,1300,353,1349,456
407,4,993,532,1067,683
407,18,1424,446,1481,556
407,68,925,546,986,682
407,116,1649,700,1724,866
407,130,678,278,709,380
408,1,1545,566,1613,700
408,7,1221,367,1272,474
408,197,866,463,911,591
408,203,216,426,258,559
408,221,1631,400,1675,505
408,235,1294,353,1343,457
408,4,993,534,1068,683
408,18,1416,448,1475,558
408,68,921,546,979,682
408,116,1647,700,1723,866
408,130,674,278,705,381
408,216,483,208,531,300
409,1,1537,566,1597,702
409,7,1217,368,1270,477
409,197,865,464,908,593
409,203,213,429,254,562
409,221,1630,403,1675,510
409,235,1281,354,1334,461
409,4,993,513,1067,684
409,18,1403,451,1467,564
409,68,913,546,967,684
409,116,1641,702,1720,867
409,130,667,279,700,384
409,216,477,209,528,302
409,198,771,269,814,357
410,1,1529,569,1580,703
410,7,1214,370,1266,481
410,197,863,465,903,594
410,203,210,433,252,566
410,221,1628,405,1674,512
410,235,1269,356,1325,464
410,4,998,505,1067,686
410,18,1394,454,1459,570
410,68,904,546,954,686
410,116,1634,706,1719,867
410,130,660,281,694,385
410,216,471,211,526,304
410,198,766,253,808,359
411,1,1525,571,1573,702
411,7,1212,371,1266,483
411,197,863,463,900,595
411,203,208,436,251,567
411,221,1627,408,1675,512
411,235,1263,357,1320,464
411,4,997,501,1070,687
411,18,1390,457,1457,572
411,68,898,544,946,687
411,116,1630,710,1719,867
411,130,657,282,691,385
411,216,469,211,526,304
411,198,763,256,804,360
412,1,1517,573,1567,702
412,7,1208,372,1264,485
412,197,861,462,898,595
412,203,206,441,249,568
412,221,1623,412,1677,514
412,235,1237,359,1310,478
412,4,994,539,1055,687
412,18,1386,462,1464,574
412,68,890,543,936,688
412,116,1621,715,1715,867
412,130,651,283,687,387
412,216,466,212,522,304
412,198,758,269,797,360
412,242,969,476,1023,603
413,1,1508,576,1563,701
413,7,1207,374,1263,487
413,197,859,462,897,596
413,203,205,445,248,571
413,221,1619,414,1678,515
413,235,1225,364,1301,485
413,4,989,548,1047,690
413,18,1382,464,1464,573
413,68,881,544,927,690
413,116,1610,719,1710,867
413,130,645,285,681,389
413,216,464,214,519,306
413,198,753,271,792,361
413,243,1029,506,1091,623
414,1,1500,577,1561,701
414,7,1207,376,1263,491
414,197,858,462,897,597
414,203,204,448,247,573
414,221,1618,416,1681,515
414,235,1221,367,1294,489
414,4,987,557,1042,691
414,18,1381,464,1462,574
414,68,879,545,923,691
414,116,1602,724,1706,867
414,130,641,286,678,390
414,216,465,216,516,307
414,198,752,274,788,362
414,243,1031,509,1092,627
415,1,1490,578,1557,700
415,7,1205,382,1262,493
415,197,857,463,897,584
415,203,203,450,247,576
415,221,1616,418,1682,517
415,4,985,566,1037,691
415,18,1378,466,1454,578
415,68,871,548,917,694
415,116,1592,727,1698,868
415,130,637,289,673,392
415,216,467,217,513,308
415,243,1029,515,1093,632
415,234,1208,174,1236,238
416,1,1481,578,1551,701
416,197,855,465,896,573
416,203,202,451,246,577
416,221,1618,418,1684,520
416,4,979,564,1033,690
416,18,1378,468,1443,580
416,68,860,549,910,696
416,116,1585,727,1691,867
416,130,632,289,667,393
416,216,466,217,510,308
416,243,1034,516,1093,632
416,45,995,485,1044,601
416,198,741,275,779,366
417,1,1475,578,1547,701
417,197,854,466,895,570
417,203,202,452,246,579
417,221,1621,418,1687,525
417,4,979,562,1030,689
417,18,1377,469,1436,583
417,68,852,551,907,696
417,116,1580,727,1687,867
417,130,629,289,664,394
417,216,465,218,510,309
417,243,1035,517,1093,632
417,198,737,274,776,367
418,1,1467,578,1538,701
418,197,852,469,893,570
418,203,201,450,243,579
418,221,1627,419,1688,526
418,4,978,564,1024,691
418,18,1374,471,1429,587
418,68,839,555,902,697
418,116,1570,726,1680,868
418,216,460,217,506,309
418,243,1036,518,1091,634
418,198,733,274,771,367
418,7,1204,372,1262,495
418,45,1001,483,1051,612
419,1,1443,576,1515,701
419,197,849,472,891,575
419,203,200,448,240,578
419,221,1636,420,1689,526
419,4,974,563,1020,697
419,18,1368,473,1423,588
419,68,826,561,897,697
419,116,1561,723,1672,866
419,216,459,216,503,309
419,243,1040,521,1086,634
419,198,729,278,765,368
419,7,1203,370,1261,495
419,45,1007,481,1055,611
419,130,619,290,652,393
420,1,1430,575,1512,701
420,197,848,474,891,582
420,203,199,446,239,577
420,221,1643,420,1691,526
420,4,973,562,1018,699
420,18,1366,475,1420,588
420,68,819,566,895,697
420,116,1560,722,1666,866
420,216,458,216,502,308
420,243,1043,522,1084,635
420,198,727,280,762,370
420,7,1203,372,1263,496
420,45,1013,480,1058,608
420,130,616,289,650,393
421,1,1416,575,1499,700
421,197,848,476,893,598
421,203,200,445,240,577
421,221,1648,421,1694,525
421,4,972,561,1017,699
421,18,1364,476,1420,589
421,68,814,566,894,697
421,116,1557,720,1653,866
421,243,1042,525,1083,636
421,198,725,283,760,371
421,7,1205,377,1266,497
421,45,1020,479,1066,605
421,130,614,288,648,393
422,1,1414,574,1491,701
422,197,850,478,894,607
422,203,204,444,244,578
422,221,1655,421,1701,527
422,4,973,562,1017,698
422,18,1366,476,1421,590
422,68,813,567,893,699
422,116,1555,719,1638,866
422,243,1036,524,1083,638
422,198,725,285,759,372
422,7,1206,381,1270,500
422,130,612,289,648,394
422,234,1190,174,1219,241
422,216,459,220,504,309
423,1,1407,574,1488,701
423,197,850,479,894,612
423,203,206,444,246,579
423,221,1659,421,1705,529
423,4,973,562,1017,696
423,18,1368,476,1423,591
423,68,813,567,893,700
423,116,1552,719,1624,867
423,243,1036,518,1084,639
423,198,724,286,757,373
423,7,1208,383,1273,503
423,130,611,289,646,394
423,234,1190,174,1219,241
423,216,460,220,506,309
423,45,1032,481,1080,630
424,1,1409,574,1484,698
424,197,851,481,895,616
424,203,208,444,248,580
424,221,1665,421,1712,533
424,4,971,566,1017,697
424,18,1373,476,1425,595
424,68,811,566,890,701
424,116,1550,718,1614,866
424,243,1036,514,1086,642
424,7,1225,386,1277,504
424,130,610,292,644,396
424,216,462,220,508,309
424,249,1200,374,1240,487
425,1,1400,574,1479,696
425,197,851,482,896,618
425,203,211,445,251,582
425,221,1669,422,1719,538
425,4,968,571,1017,697
425,18,1376,475,1426,599
425,68,807,564,880,700
425,116,1545,718,1607,867
425,243,1037,521,1089,644
425,7,1235,388,1282,503
425,130,609,294,642,396
425,216,467,219,509,310
425,249,1197,375,1237,488
426,1,1394,574,1474,698
426,197,851,482,896,618
426,203,213,447,254,581
426,221,1673,422,1723,538
426,4,966,573,1017,697
426,18,1379,476,1427,600
426,68,804,562,871,700
426,116,1541,718,1604,868
426,243,1037,522,1092,645
426,7,1239,388,1284,502
426,130,609,294,642,396
426,249,1194,377,1235,488
427,1,1387,578,1461,700
427,197,851,480,895,617
427,203,215,449,261,582
427,221,1680,422,1729,539
427,4,964,573,1015,695
427,18,1380,477,1427,603
427,68,801,559,862,698
427,116,1531,717,1600,870
427,243,1039,521,1110,645
427,7,1242,388,1288,500
427,130,607,294,641,396
427,249,1189,376,1232,486
427,216,473,211,510,307
428,1,1385,583,1446,700
428,197,852,478,895,614
428,203,215,450,265,580
428,221,1688,423,1734,538
428,4,963,572,1012,694
428,18,1382,478,1427,602
428,68,795,554,854,695
428,116,1519,717,1592,871
428,243,1040,528,1102,645
428,7,1242,386,1294,498
428,130,605,291,640,394
428,249,1185,374,1228,485
428,216,475,207,511,305
429,1,1385,577,1436,702
429,197,852,475,894,613
429,203,216,451,267,580
429,221,1692,425,1738,537
429,4,962,570,1010,695
429,18,1382,479,1427,602
429,68,793,552,849,693
429,116,1513,718,1588,871
429,243,1041,528,1099,644
429,7,1243,385,1297,498
429,130,604,289,639,393
429,249,1183,373,1224,484
429,216,476,206,511,303
429,45,1069,486,1110,567
430,1,1385,579,1426,704
430,197,852,473,893,611
430,203,217,449,267,578
430,221,1697,424,1743,535
430,4,960,566,1006,697
430,18,1382,480,1427,586
430,68,787,549,844,692
430,116,1508,717,1582,871
430,243,1040,530,1096,646
430,7,1245,382,1301,498
430,130,602,287,636,391
430,249,1178,370,1221,483
430,216,477,205,512,301
430,45,1076,484,1117,558
430,198,716,281,751,372
431,1,1373,577,1417,705
431,197,851,470,890,611
431,203,218,447,268,576
431,221,1700,423,1747,533
431,4,957,564,1003,700
431,18,1383,481,1426,580
431,68,777,549,837,692
431,116,1502,716,1577,872
431,243,1039,535,1096,651
431,7,1246,382,1306,497
431,130,599,284,633,390
431,249,1173,369,1217,484
431,216,478,203,512,300
431,45,1080,483,1138,585
431,198,714,280,749,372
432,1,1366,576,1411,707
432,197,850,469,889,611
432,203,217,446,268,576
432,221,1701,423,1750,531
432,4,955,564,1001,702
432,18,1383,481,1426,588
432,68,765,550,832,692
432,116,1499,716,1575,873
432,243,1036,539,1097,653
432,7,1247,381,1309,496
432,130,596,284,631,391
432,249,1170,369,1214,484
432,216,479,202,512,300
432,45,1082,483,1145,592
432,198,711,280,748,372
432,254,1056,177,1079,232
433,1,1360,576,1403,707
433,197,848,469,887,610
433,203,220,444,268,575
433,221,1699,422,1751,532
433,4,951,565,998,703
433,18,1382,481,1425,597
433,68,751,552,824,693
433,116,1494,714,1569,872
433,243,1031,541,1097,652
433,7,1265,382,1311,496
433,130,592,283,627,390
433,249,1164,368,1209,484
433,216,478,202,510,298
433,45,1083,481,1145,594
433,198,708,277,745,371
433,254,1053,176,1077,230
434,1,1355,573,1395,707
434,197,846,469,884,609
434,203,223,442,268,573
434,221,1699,421,1753,535
434,4,946,567,995,703
434,18,1381,482,1424,604
434,68,736,555,812,693
434,116,1487,712,1561,871
434,243,1026,541,1104,651
434,7,1275,383,1312,497
434,130,585,283,623,390
434,249,1157,369,1203,486
434,45,1087,476,1140,580
434,198,706,276,742,369
434,255,708,275,741,369
435,1,1352,573,1390,705
435,197,843,470,882,609
435,203,224,442,268,573
435,221,1700,420,1755,538
435,4,942,569,993,703
435,18,1381,483,1424,606
435,68,727,558,804,692
435,116,1484,711,1553,870
435,243,1024,540,1104,650
435,7,1278,382,1314,498
435,130,581,283,621,389
435,249,1153,371,1199,487
435,45,1091,473,1139,589
435,198,704,276,740,368
435,216,474,201,507,297
436,1,1343,571,1380,704
436,197,838,471,877,611
436,203,223,440,266,572
436,221,1699,421,1757,539
436,4,935,571,992,701
436,18,1377,484,1421,607
436,68,717,562,794,691
436,116,1476,709,1539,867
436,243,1025,538,1101,647
436,130,575,283,615,388
436,249,1147,372,1190,486
436,45,1094,470,1138,591
436,198,700,275,736,368
436,216,471,200,504,296
437,1,1331,570,1371,702
437,197,832,473,872,611
437,203,220,439,264,571
437,221,1703,422,1759,542
437,4,927,571,991,701
437,18,1374,486,1418,608
437,68,709,565,785,689
437,116,1465,707,1526,865
437,243,1024,534,1097,649
437,130,568,282,609,386
437,249,1135,374,1181,484
437,45,1095,468,1137,590
437,198,695,276,731,368
437,216,467,201,499,295
437,7,1272,384,1316,496
438,1,1324,570,1366,703
438,197,829,474,871,611
438,203,218,439,263,572
438,221,1708,423,1761,542
438,4,906,573,988,702
438,18,1373,487,1418,609
438,68,707,568,782,689
438,116,1459,707,1517,863
438,243,1024,531,1094,650
438,130,565,282,605,387
438,249,1132,376,1178,483
438,45,1096,468,1138,590
438,198,692,275,728,367
438,216,465,202,497,295
438,7,1271,384,1318,495
439,1,1314,571,1356,702
439,197,823,475,868,609
439,203,215,439,262,571
439,221,1711,424,1763,541
439,4,893,571,981,704
439,18,1369,487,1413,608
439,68,703,566,778,687
439,116,1448,706,1509,861
439,243,1019,528,1090,647
439,130,559,282,599,386
439,249,1127,374,1169,481
439,45,1096,468,1140,589
439,7,1267,381,1320,495
440,1,1308,571,1346,705
440,197,818,473,863,608
440,203,213,439,261,571
440,221,1712,424,1764,538
440,4,887,570,975,707
440,18,1366,486,1409,606
440,68,699,562,775,684
440,116,1432,706,1499,863
440,243,1019,529,1085,651
440,130,554,281,594,386
440,249,1121,372,1161,481
440,45,1097,469,1145,587
440,7,1264,379,1323,494
441,1,1305,572,1341,705
441,197,815,473,861,608
441,203,212,439,261,571
441,221,1713,424,1764,536
441,4,890,571,970,709
441,18,1365,486,1407,606
441,68,697,560,774,683
441,116,1422,706,1494,864
441,243,1017,532,1083,652
441,130,552,280,591,385
441,249,1117,371,1157,480
441,45,1098,472,1150,587
441,7,1265,377,1327,494
441,198,682,276,718,368
441,216,456,199,490,292
442,1,1299,571,1333,705
442,197,811,470,856,607
442,203,208,438,262,571
442,221,1713,423,1764,535
442,4,892,570,958,708
442,18,1361,485,1403,608
442,68,693,558,770,681
442,116,1404,707,1486,863
442,243,1017,534,1078,652
442,130,548,278,586,383
442,249,1112,370,1150,480
442,45,1097,472,1156,587
442,7,1272,376,1329,495
442,198,678,275,714,367
442,216,454,198,487,291
442,234,1142,158,1170,224
443,1,1291,571,1325,706
443,197,806,467,851,606
443,203,205,438,261,571
443,221,1715,421,1766,540
443,4,893,571,946,708
443,18,1357,485,1400,610
443,68,690,556,768,679
443,116,1388,709,1479,861
443,243,1014,534,1076,650
443,130,543,277,581,382
443,249,1105,368,1145,477
443,45,1097,475,1161,585
443,7,1282,376,1328,495
443,198,674,273,710,366
443,216,453,199,485,289
443,260,1832,793,1917,944
444,1,1287,571,1321,705
444,197,803,466,848,606
444,203,204,438,260,570
444,221,1717,421,1767,540
444,4,893,573,938,708
444,68,688,555,767,678
444,116,1377,709,1476,860
444,243,1011,533,1077,650
444,130,541,276,579,381
444,45,1098,477,1164,584
444,7,1287,377,1329,495
444,198,671,273,708,365
444,216,451,200,483,289
444,260,1815,791,1909,941
445,1,1280,569,1313,702
445,197,797,464,842,605
445,203,202,437,257,567
445,221,1718,419,1768,537
445,4,889,573,930,705
445,68,687,552,765,675
445,116,1365,707,1468,858
445,243,1009,532,1076,648
445,130,537,274,574,379
445,45,1098,477,1164,583
445,7,1289,376,1328,491
445,198,667,271,704,363
445,260,1780,784,1879,939
445,18,1351,485,1392,611
445,249,1095,368,1134,479
446,1,1270,570,1306,698
446,197,790,462,835,602
446,203,201,434,253,564
446,221,1720,419,1768,536
446,4,883,571,922,703
446,68,689,549,765,672
446,116,1357,705,1460,854
446,243,1007,529,1073,645
446,130,532,270,569,376
446,45,1097,473,1161,581
446,7,1292,374,1327,486
446,198,663,268,700,362
446,260,1772,780,1868,936
446,18,1347,486,1388,609
446,249,1087,367,1126,478
446,216,443,194,477,281
447,1,1264,571,1304,696
447,197,786,462,831,603
447,203,201,432,252,562
447,221,1722,419,1769,536
447,4,878,570,918,703
447,68,692,548,767,670
447,116,1353,703,1454,852
447,243,1006,527,1071,644
447,130,528,269,566,375
447,45,1096,472,1159,580
447,7,1293,373,1328,484
447,198,661,267,699,362
447,260,1737,779,1860,934
447,18,1344,488,1385,608
447,249,1084,367,1122,479
447,216,441,192,476,279
448,1,1253,573,1298,693
448,197,778,462,824,599
448,203,199,429,247,558
448,221,1721,419,1767,533
448,4,870,568,910,705
448,68,692,544,767,666
448,116,1345,702,1442,852
448,243,1001,524,1069,641
448,130,522,266,559,372
448,45,1094,469,1152,576
448,7,1287,369,1328,480
448,260,1706,774,1841,927
448,18,1336,486,1379,606
448,249,1074,367,1114,479
449,1,1240,575,1289,691
449,197,770,461,815,598
449,203,194,426,239,554
449,221,1719,419,1763,530
449,4,859,567,900,708
449,68,686,542,766,663
449,116,1336,703,1424,853
449,243,1000,519,1065,638
449,130,514,264,552,367
449,45,1090,465,1142,571
449,7,1279,366,1327,478
449,260,1684,767,1813,923
449,18,1327,485,1372,602
449,249,1064,366,1104,477
449,198,649,263,686,357
449,216,430,187,469,273
450,1,1227,576,1283,691
450,197,764,462,810,595
450,203,193,424,234,553
450,221,1719,417,1761,527
450,4,854,568,896,711
450,68,683,540,766,662
450,116,1326,702,1424,853
450,243,1002,517,1064,637
450,130,510,263,547,367
450,45,1089,463,1138,571
450,7,1275,364,1328,478
450,260,1667,764,1794,919
450,18,1323,484,1368,600
450,249,1058,367,1100,477
450,261,1070,620,1088,639
450,198,645,263,683,356
451,1,1213,577,1269,692
451,197,753,462,798,594
451,203,185,423,226,552
451,221,1712,415,1756,521
451,4,841,569,885,711
451,68,676,540,758,660
451,116,1309,704,1413,851
451,243,995,514,1058,637
451,130,500,264,539,365
451,45,1081,460,1128,570
451,260,1640,757,1758,905
451,18,1311,481,1356,601
451,249,1047,366,1089,474
451,198,637,263,674,355
451,216,416,183,459,271
452,1,1204,579,1252,693
452,197,741,461,787,595
452,203,176,423,218,552
452,221,1702,415,1751,525
452,4,827,572,874,712
452,68,667,536,747,659
452,116,1293,703,1398,850
452,243,991,512,1049,636
452,130,489,265,529,364
452,45,1074,459,1117,569
452,260,1613,752,1706,900
452,18,1301,484,1344,606
452,249,1037,364,1077,472
452,198,628,263,665,355
452,216,406,183,449,271
453,1,1195,580,1243,693
453,197,735,461,780,595
453,203,171,423,216,552
453,221,1699,416,1749,530
453,4,819,574,868,710
453,68,665,536,742,659
453,116,1285,703,1386,849
453,243,988,512,1046,637
453,130,484,265,524,365
453,45,1070,458,1112,570
453,260,1598,751,1676,898
453,18,1294,483,1338,608
453,249,1031,364,1071,473
453,198,624,264,661,355
454,1,1184,581,1230,693
454,197,721,461,766,597
454,203,161,423,205,552
454,221,1691,417,1743,532
454,4,800,576,856,710
454,68,657,532,736,658
454,116,1269,698,1369,847
454,243,982,512,1037,637
454,130,473,264,513,365
454,45,1060,457,1102,571
454,260,1567,758,1631,896
454,18,1283,489,1326,610
454,249,1019,363,1059,476
454,198,613,264,650,354
454,7,1272,365,1312,474
455,1,1171,581,1217,691
455,197,709,459,752,597
455,203,151,423,194,552
455,221,1684,418,1740,535
455,4,785,577,844,711
455,68,652,531,734,657
455,116,1252,694,1337,843
455,243,974,511,1028,638
455,130,460,265,502,364
455,45,1048,456,1095,570
455,260,1525,755,1605,892
455,18,1272,494,1314,613
455,249,1007,362,1048,473
455,198,603,263,639,354
455,7,1261,366,1306,474
456,1,1163,581,1211,689
456,197,703,459,745,585
456,203,147,423,189,551
456,221,1685,420,1739,535
456,4,777,577,838,714
456,68,651,531,737,656
456,116,1243,689,1320,838
456,243,972,512,1026,639
456,130,455,264,499,364
456,45,1044,457,1092,572
456,260,1512,754,1593,890
456,18,1266,496,1309,614
456,249,1001,362,1042,474
456,198,598,262,636,354
456,7,1259,364,1305,475
456,216,375,179,429,270
457,1,1151,581,1199,688
457,197,690,459,733,588
457,203,138,422,177,551
457,221,1684,419,1734,534
457,4,766,576,828,720
457,68,649,538,726,654
457,116,1225,687,1298,828
457,243,965,512,1019,641
457,130,445,263,489,363
457,45,1033,458,1083,571
457,260,1454,751,1574,878
457,18,1255,496,1300,612
457,249,988,363,1031,476
457,7,1256,363,1299,457
457,216,366,176,418,268
458,1,1145,581,1187,672
458,203,129,421,168,550
458,221,1680,419,1730,533
458,4,759,576,819,724
458,68,652,531,718,653
458,116,1205,686,1280,819
458,243,960,516,1015,642
458,130,438,262,481,361
458,45,1025,459,1074,572
458,260,1411,750,1551,868
458,18,1247,493,1291,610
458,249,975,363,1020,479
458,7,1253,360,1294,466
458,198,580,261,620,353
459,203,127,422,164,550
459,221,1680,419,1730,531
459,4,757,577,815,725
459,68,657,530,716,652
459,116,1193,684,1268,815
459,243,959,518,1015,643
459,130,437,263,477,361
459,45,1023,459,1071,571
459,260,1386,746,1536,864
459,18,1243,491,1286,609
459,249,969,364,1015,480
459,7,1253,358,1294,469
459,198,578,261,617,354
459,197,675,461,717,551
459,216,357,173,403,266
460,203,120,421,157,549
460,221,1677,418,1724,527
460,4,748,580,803,730
460,116,1175,683,1255,813
460,243,954,522,1011,643
460,130,431,260,470,360
460,45,1015,458,1064,568
460,260,1369,736,1481,861
460,18,1234,489,1278,609
460,249,957,365,1004,479
460,7,1249,357,1292,473
460,198,574,260,610,354
460,197,665,462,710,575
461,203,113,421,151,549
461,221,1675,418,1720,530
461,4,741,583,793,730
461,116,1151,680,1234,810
461,243,951,524,1006,644
461,45,1010,458,1059,568
461,260,1360,730,1443,857
461,18,1228,488,1271,613
461,249,951,366,997,479
461,7,1246,356,1295,475
461,198,570,263,606,354
461,1,1118,583,1164,700
462,203,111,421,149,549
462,221,1676,418,1723,533
462,4,738,585,788,729
462,116,1138,679,1223,810
462,243,951,526,1004,642
462,45,1008,458,1057,569
462,260,1351,728,1424,855
462,18,1225,488,1269,617
462,249,948,365,994,479
462,7,1247,356,1299,477
462,198,569,264,604,354
462,274,1886,287,1918,385
462,275,1062,711,1082,728
462,1,1114,582,1161,704
462,68,652,562,712,647
462,216,352,171,384,263
462,130,424,260,462,360
462,197,651,462,696,589
463,203,107,421,146,548
463,221,1675,419,1724,536
463,4,732,585,781,729
463,116,1121,681,1212,808
463,243,950,527,1002,642
463,45,1002,456,1053,570
463,260,1333,727,1403,850
463,18,1220,488,1263,619
463,249,943,364,990,477
463,7,1247,358,1299,478
463,198,568,265,602,353
463,274,1880,287,1917,385
463,275,1063,709,1083,726
463,1,1108,584,1157,702
463,68,651,526,718,645
463,216,350,170,380,263
463,130,423,258,459,359
463,197,644,461,688,595
464,203,104,421,144,547
464,221,1678,420,1726,539
464,4,728,587,777,733
464,116,1114,676,1204,807
464,243,949,526,1000,642
464,45,999,456,1050,570
464,260,1314,723,1384,843
464,18,1214,493,1259,623
464,249,941,362,984,478
464,7,1250,360,1296,477
464,274,1878,289,1917,388
464,275,1068,708,1087,725
464,1,1105,586,1154,703
464,68,652,518,721,644
464,216,349,170,377,263
464,130,422,258,458,359
464,197,637,460,684,597
465,203,103,421,144,548
465,221,1680,421,1729,541
465,4,726,589,774,739
465,116,1113,670,1200,805
465,243,949,526,1000,642
465,45,998,456,1048,571
465,260,1302,722,1373,841
465,18,1212,495,1257,626
465,249,940,361,982,479
465,7,1253,362,1295,477
465,274,1878,291,1919,390
465,275,1072,709,1090,725
465,1,1104,588,1154,697
465,68,655,514,725,644
465,130,423,259,457,359
465,197,633,460,681,598
465,198,568,262,600,353
466,203,102,421,143,549
466,221,1686,426,1733,543
466,4,721,594,770,746
466,116,1108,664,1195,805
466,243,948,525,998,641
466,45,994,458,1045,574
466,260,1284,721,1356,839
466,18,1209,498,1255,626
466,249,937,361,978,479
466,7,1256,364,1295,477
466,274,1877,293,1919,393
466,1,1101,593,1153,693
466,68,676,513,729,643
466,130,421,260,457,359
466,197,628,460,678,599
466,198,568,261,600,354
467,203,101,421,143,550
467,221,1690,428,1738,543
467,4,717,599,767,754
467,116,1105,656,1188,805
467,243,947,525,997,643
467,45,992,462,1043,576
467,260,1251,720,1340,836
467,18,1208,500,1252,626
467,249,934,362,976,478
467,7,1260,365,1298,476
467,274,1877,295,1919,393
467,68,690,514,732,639
467,130,420,262,458,359
467,197,623,461,674,599
467,276,0,789,57,958
467,216,345,172,382,264
468,203,100,421,143,550
468,221,1694,429,1740,544
468,4,714,603,766,758
468,116,1102,657,1184,803
468,243,945,525,996,644
468,45,992,464,1041,576
468,260,1230,721,1328,834
468,18,1208,501,1251,625
468,249,932,362,975,479
468,7,1263,365,1301,475
468,274,1877,296,1920,393
468,68,697,515,733,639
468,130,420,262,459,359
468,197,621,463,673,601
468,276,0,808,59,959
468,216,345,173,384,264
468,198,568,262,601,354
469,203,99,421,143,550
469,221,1697,429,1742,542
469,4,710,606,764,759
469,116,1098,659,1177,800
469,243,943,525,995,647
469,45,991,466,1038,576
469,260,1212,719,1313,832
469,18,1207,501,1249,625
469,249,929,364,971,480
469,7,1265,364,1305,475
469,274,1875,296,1919,392
469,68,701,516,735,636
469,130,418,263,462,359
469,197,616,465,668,602
469,216,343,173,386,264
469,198,568,262,602,355
470,203,97,421,142,550
470,221,1698,429,1744,538
470,4,705,606,765,758
470,116,1091,644,1173,793
470,243,940,526,993,650
470,45,987,467,1035,575
470,260,1203,718,1297,831
470,18,1205,502,1247,631
470,249,927,365,968,482
470,7,1265,363,1307,476
470,274,1871,293,1919,392
470,68,705,514,740,626
470,130,417,265,463,359
470,197,609,467,665,601
470,216,342,174,386,264
470,198,567,262,602,356
471,203,97,421,141,551
471,221,1700,429,1748,544
471,4,702,606,766,757
471,116,1086,642,1170,787
471,243,937,527,992,652
471,45,984,466,1034,575
471,260,1200,717,1287,830
471,18,1204,503,1246,635
471,249,926,367,967,482
471,7,1265,363,1308,477
471,274,1870,293,1919,392
471,68,707,513,744,629
471,130,416,266,462,360
471,197,605,468,662,602
471,216,342,174,386,263
471,198,566,263,602,356
472,203,94,423,137,552
472,221,1700,431,1752,550
472,4,697,599,763,754
472,116,1078,652,1168,783
472,243,933,530,990,655
472,45,978,465,1029,576
472,260,1194,716,1273,829
472,18,1200,505,1244,640
472,249,922,369,962,482
472,7,1264,363,1310,478
472,274,1867,293,1911,395
472,68,709,511,746,625
472,130,415,265,460,361
472,197,599,470,652,602
472,216,339,177,384,263
472,198,565,265,599,356
472,279,61,799,132,881
472,280,1,877,123,1079
473,203,90,424,133,553
473,221,1700,433,1756,557
473,4,690,601,754,756
473,116,1073,651,1166,777
473,243,927,534,989,659
473,45,970,466,1023,577
473,260,1186,714,1260,826
473,18,1197,509,1243,645
473,249,917,370,957,483
473,7,1261,365,1308,479
473,274,1863,294,1906,397
473,130,414,264,457,361
473,197,591,470,642,603
473,216,338,179,382,265
473,198,563,266,596,357
473,280,0,923,117,1079
474,203,88,425,130,553
474,221,1703,435,1759,560
474,4,685,603,744,758
474,116,1069,653,1168,775
474,243,925,538,989,660
474,45,966,466,1019,579
474,260,1180,712,1252,823
474,18,1196,512,1244,646
474,249,915,370,953,483
474,7,1261,366,1308,480
474,274,1861,294,1903,398
474,130,414,264,455,362
474,197,587,470,635,604
474,198,563,267,594,359
474,280,4,936,121,1079
475,203,82,425,127,553
475,221,1705,438,1759,559
475,4,675,605,737,762
475,116,1065,652,1149,771
475,243,921,539,986,660
475,45,959,466,1014,581
475,260,1156,711,1243,821
475,18,1193,515,1239,647
475,7,1260,368,1307,479
475,274,1855,294,1898,401
475,130,415,262,451,362
475,197,579,470,625,606
476,203,77,425,121,553
476,221,1704,441,1759,558
476,4,664,606,729,766
476,116,1055,656,1138,774
476,243,918,542,980,661
476,45,951,469,1007,583
476,260,1130,709,1230,822
476,18,1188,515,1236,646
476,7,1262,369,1306,479
476,274,1850,297,1893,403
476,130,415,262,447,361
476,197,571,469,616,607
476,284,122,808,186,969
476,249,902,371,940,484
477,203,73,425,117,553
477,221,1704,443,1760,557
477,4,656,618,721,768
477,116,1050,656,1151,777
477,243,917,542,975,659
477,45,945,471,1003,583
477,260,1113,708,1221,823
477,18,1185,515,1232,644
477,7,1263,369,1306,480
477,274,1847,299,1889,403
477,130,415,263,445,360
477,197,566,469,611,608
477,249,899,371,937,485
478,203,68,424,111,552
478,221,1703,442,1756,548
478,4,642,620,709,771
478,116,1038,655,1146,777
478,243,912,538,968,656
478,45,935,471,995,581
478,260,1096,707,1208,822
478,18,1179,515,1224,644
478,7,1261,368,1304,480
478,274,1840,300,1882,401
478,130,413,262,443,359
478,197,557,469,601,608
478,249,892,370,930,484
478,285,83,903,157,1079
478,68,718,507,754,635
478,198,551,265,580,361
479,203,60,422,103,551
479,221,1702,440,1754,552
479,4,628,623,700,774
479,116,1027,656,1117,782
479,243,907,534,962,657
479,260,1085,706,1193,821
479,18,1172,515,1216,648
479,274,1834,300,1876,400
479,130,408,261,439,358
479,197,546,470,590,609
479,249,883,369,921,483
479,287,152,809,232,946
479,288,545,266,575,363
479,198,544,265,576,362
480,203,57,422,100,551
480,221,1703,439,1753,558
480,4,621,626,694,775
480,116,1020,658,1102,786
480,243,905,534,960,657
480,260,1081,707,1183,820
480,18,1167,516,1213,651
480,274,1832,300,1871,399
480,197,541,472,584,610
480,249,879,370,917,483
480,287,157,808,242,954
480,198,542,266,574,362
480,289,978,610,1041,732
480,7,1257,364,1301,479
480,285,84,893,185,1079
480,68,710,506,753,634
481,203,49,421,92,549
481,221,1700,439,1752,561
481,4,608,630,685,780
481,116,1011,659,1088,788
481,243,897,534,955,656
481,260,1072,704,1171,820
481,18,1158,517,1204,653
481,274,1824,296,1864,399
481,197,530,475,573,609
481,249,867,371,908,484
481,287,172,807,258,964
481,198,535,267,569,361
481,289,961,611,1018,737
481,7,1253,363,1296,478
481,285,86,888,195,1078
482,203,41,421,84,548
482,221,1697,440,1752,564
482,4,594,636,676,782
482,116,1002,662,1077,788
482,243,889,528,947,659
482,260,1064,702,1162,817
482,18,1150,521,1194,656
482,274,1817,295,1855,397
482,197,518,477,562,607
482,249,857,372,900,484
482,287,193,807,271,975
482,289,945,613,1004,740
482,7,1248,362,1292,479
482,285,91,882,220,1070
482,130,390,256,433,355
482,68,710,503,751,633
483,203,37,420,81,548
483,221,1697,442,1754,566
483,4,589,638,672,782
483,116,999,663,1075,789
483,243,885,528,946,658
483,260,1062,700,1158,816
483,18,1144,524,1189,657
483,274,1813,295,1851,397
483,197,512,477,557,607
483,249,850,373,896,483
483,287,212,807,283,980
483,289,932,611,997,741
483,7,1246,363,1291,480
483,285,100,880,234,1064
483,130,388,257,433,355
483,68,710,500,754,632
484,203,33,421,76,548
484,221,1696,446,1753,567
484,4,585,640,665,783
484,116,993,662,1074,788
484,243,879,533,934,659
484,260,1056,697,1154,815
484,18,1138,527,1183,657
484,274,1807,293,1845,398
484,197,502,477,551,607
484,249,842,373,889,483
484,287,222,810,299,981
484,289,921,617,985,739
484,7,1244,365,1287,481
484,285,116,881,234,1063
484,130,383,256,433,356
484,68,708,498,756,631
484,198,521,266,557,361
485,203,30,423,73,550
485,221,1698,450,1756,567
485,4,581,642,659,783
485,116,988,661,1074,788
485,243,875,540,925,662
485,260,1055,694,1155,816
485,18,1134,532,1179,659
485,197,494,479,546,610
485,249,840,374,884,482
485,287,240,812,318,983
485,289,909,623,977,741
485,7,1244,368,1287,482
485,285,147,881,234,1066
485,130,380,258,431,357
485,68,705,499,763,632
485,198,518,267,556,364
486,203,29,425,72,551
486,221,1701,451,1760,568
486,4,580,642,658,783
486,116,987,661,1074,787
486,243,874,543,921,666
486,260,1057,693,1157,817
486,18,1133,533,1178,660
486,197,488,479,545,613
486,249,839,375,881,482
486,287,248,814,333,982
486,289,895,628,973,742
486,7,1246,370,1287,483
486,285,162,882,252,1068
486,130,379,259,430,359
486,68,706,499,769,633
486,198,518,268,556,366
486,274,1803,299,1841,405
487,203,28,427,72,553
487,221,1704,453,1762,568
487,4,578,642,656,784
487,116,986,660,1073,784
487,243,869,548,918,670
487,260,1064,693,1154,816
487,18,1131,533,1175,664
487,197,480,480,541,616
487,249,838,375,879,482
487,287,255,815,359,975
487,289,873,634,964,745
487,7,1249,372,1288,483
487,285,185,879,255,1068
487,130,378,261,429,360
487,68,706,500,778,633
487,198,518,270,556,367
487,274,1802,303,1840,410
488,203,26,429,70,554
488,221,1705,454,1763,574
488,4,576,640,649,783
488,116,985,658,1073,780
488,243,863,549,913,673
488,260,1070,693,1148,816
488,18,1127,535,1172,669
488,197,473,482,535,618
488,249,836,374,876,481
488,287,267,815,389,978
488,289,851,634,950,747
488,7,1251,372,1290,484
488,285,203,876,266,1066
488,130,377,262,428,360
488,68,706,503,783,631
488,198,518,271,555,369
488,274,1801,307,1839,413
489,203,26,430,68,555
489,221,1706,455,1765,577
489,4,575,639,643,783
489,116,985,657,1078,776
489,243,861,552,910,676
489,260,1072,693,1147,817
489,18,1125,535,1170,672
489,197,468,483,530,621
489,249,834,373,874,482
489,287,278,816,413,980
489,289,835,639,938,752
489,7,1252,372,1292,484
489,285,208,874,275,1065
489,130,377,262,427,360
489,68,708,504,784,630
489,198,517,273,554,370
489,274,1800,309,1839,413
490,203,24,430,65,555
490,221,1705,456,1765,581
490,4,574,637,638,782
490,116,985,657,1087,773
490,243,856,549,907,672
490,260,1071,692,1152,816
490,18,1120,537,1167,675
490,197,461,484,520,621
490,249,831,373,870,481
490,287,302,816,429,985
490,289,822,641,919,756
490,7,1252,370,1293,486
490,285,212,870,300,1063
490,130,377,262,424,360
490,68,711,506,782,630
490,198,516,274,552,370
490,274,1798,310,1837,413
490,216,312,178,341,259
491,203,22,431,62,556
491,221,1704,458,1765,585
491,4,571,636,635,783
491,116,985,657,1091,774
491,243,851,550,901,668
491,260,1067,686,1154,817
491,18,1116,541,1164,677
491,197,451,486,510,621
491,249,827,373,867,481
491,287,340,816,441,989
491,289,813,646,902,758
491,7,1251,370,1293,486
491,285,218,865,320,1057
491,130,377,262,420,360
491,68,718,507,779,629
491,198,514,274,550,370
491,274,1795,309,1835,412
491,294,515,274,549,370
491,295,828,475,870,591
491,216,309,176,339,259
492,203,20,431,61,556
492,221,1704,460,1766,589
492,4,569,636,633,783
492,116,987,658,1079,776
492,243,848,549,897,667
492,260,1066,683,1154,817
492,18,1113,543,1163,678
492,197,445,487,502,621
492,249,825,375,865,480
492,287,365,818,453,991
492,289,810,652,893,759
492,7,1250,370,1293,486
492,285,222,864,330,1054
492,130,378,263,418,360
492,68,723,507,778,629
492,198,513,275,549,369
492,274,1793,308,1832,412
492,295,822,474,865,590
492,216,307,174,337,259
492,296,1893,452,1918,576
493,203,16,431,57,556
493,221,1703,464,1763,590
493,4,563,636,629,786
493,116,989,659,1072,778
493,243,842,550,891,668
493,260,1062,681,1151,816
493,18,1104,547,1157,679
493,197,436,488,489,623
493,249,820,378,860,487
493,287,396,820,474,992
493,289,804,653,884,762
493,7,1248,372,1291,488
493,285,232,863,335,1049
493,130,377,262,414,359
493,68,730,506,775,628
493,198,511,276,546,369
493,274,1789,309,1828,412
493,295,813,474,856,592
493,296,1886,452,1917,581
494,203,12,432,53,556
494,221,1702,467,1760,590
494,4,558,638,624,790
494,116,990,661,1069,779
494,243,832,549,885,675
494,260,1056,684,1148,816
494,18,1096,552,1150,682
494,197,426,488,476,623
494,249,814,381,855,492
494,287,406,821,496,991
494,289,799,656,875,769
494,7,1248,374,1290,488
494,285,248,863,339,1049
494,130,376,262,410,359
494,68,737,504,776,629
494,198,509,277,542,370
494,274,1785,309,1824,414
494,295,799,477,845,597
494,296,1880,454,1917,585
494,216,300,177,331,261
495,203,9,432,52,557
495,221,1703,469,1759,590
495,4,555,640,622,793
495,116,990,662,1067,780
495,243,829,551,883,677
495,260,1053,685,1151,815
495,18,1087,556,1146,686
495,197,421,488,470,626
495,249,811,384,853,495
495,287,411,820,514,991
495,289,795,660,870,773
495,7,1248,376,1290,489
495,285,259,864,335,1048
495,130,374,262,410,360
495,68,740,503,778,629
495,198,508,277,541,371
495,274,1783,310,1822,415
495,295,792,478,840,599
495,296,1875,455,1918,587
495,216,299,177,329,261
496,203,4,432,48,557
496,221,1702,470,1753,588
496,4,550,643,619,796
496,116,989,660,1078,777
496,243,826,552,878,672
496,260,1054,684,1148,810
496,18,1074,562,1140,691
496,197,413,487,460,628
496,249,805,385,847,497
496,287,422,821,538,987
496,289,782,651,861,775
496,7,1247,378,1290,489
496,285,271,864,355,1048
496,130,371,261,406,360
496,68,739,501,779,628
496,198,505,276,539,373
496,274,1779,309,1818,417
496,295,783,484,829,601
496,296,1868,458,1918,590
496,216,297,179,325,260
497,203,0,432,43,557
497,221,1700,470,1746,592
497,4,544,647,615,799
497,116,985,656,1074,776
497,243,820,556,874,671
497,260,1058,686,1145,806
497,18,1072,568,1136,690
497,197,404,488,449,631
497,249,800,386,839,497
497,287,435,820,568,989
497,289,770,644,857,775
497,7,1245,380,1289,491
497,285,281,863,368,1047
497,68,737,500,786,628
497,198,502,276,536,374
497,274,1774,310,1814,417
497,295,774,483,820,599
497,296,1861,461,1911,592
497,216,292,178,322,260
498,203,0,433,40,558
498,221,1699,471,1744,596
498,4,541,650,613,801
498,116,985,655,1072,774
498,260,1061,687,1143,804
498,18,1066,572,1137,689
498,197,398,489,443,633
498,249,796,386,835,499
498,287,451,821,585,993
498,289,765,640,855,776
498,7,1245,381,1289,493
498,285,288,863,374,1047
498,68,736,500,793,629
498,198,501,276,534,375
498,274,1772,310,1812,419
498,295,768,483,811,598
498,296,1856,463,1906,592
498,216,290,176,321,261
499,203,0,434,35,559
499,221,1695,472,1739,600
499,4,537,652,607,802
499,116,981,646,1065,771
499,260,1062,687,1139,804
499,18,1063,575,1135,690
499,197,390,492,432,636
499,249,789,386,828,500
499,287,480,823,594,1001
499,289,761,657,844,777
499,7,1243,382,1288,494
499,285,292,860,376,1048
499,68,731,499,797,629
499,198,497,277,531,376
499,274,1766,314,1807,421
499,295,761,485,803,617
499,296,1846,465,1898,592
499,216,286,178,316,261
499,130,362,265,398,362
500,203,0,435,29,558
500,221,1690,475,1735,603
500,4,531,653,601,804
500,116,979,642,1055,767
500,260,1065,689,1134,804
500,18,1064,579,1134,692
500,197,378,496,421,639
500,287,521,825,598,1003
500,289,756,660,836,779
500,7,1240,383,1285,496
500,285,293,857,382,1044
500,68,725,496,798,630
500,274,1759,317,1800,423
500,296,1838,466,1889,597
500,216,280,178,311,262
500,130,354,265,391,363
501,203,0,435,25,557
501,221,1687,478,1734,606
501,4,528,654,597,805
501,116,977,640,1052,766
501,260,1067,688,1131,805
501,18,1056,580,1133,694
501,197,372,499,414,640
501,287,545,828,607,1004
501,289,750,662,831,780
501,7,1238,383,1284,498
501,285,294,855,388,1043
501,68,722,492,799,630
501,274,1755,319,1795,423
501,296,1835,468,1883,600
501,216,277,176,308,261
501,130,351,267,390,363
501,243,804,570,850,679
501,249,775,386,814,502
501,198,491,282,524,377
502,203,0,443,14,558
502,221,1678,482,1729,607
502,4,521,655,586,806
502,116,968,646,1043,767
502,260,1063,675,1123,806
502,18,1052,583,1117,683
502,197,358,502,401,641
502,287,545,832,633,1006
502,289,742,656,826,782
502,7,1232,385,1278,499
502,285,292,854,389,1038
502,68,715,495,787,631
502,274,1746,321,1786,424
502,296,1824,470,1873,604
502,216,269,180,300,263
502,130,343,267,385,365
502,243,795,574,840,671
502,249,764,388,804,503
502,198,483,285,517,379
503,221,1667,486,1723,607
503,4,514,656,577,809
503,116,959,644,1042,766
503,260,1052,667,1115,805
503,18,1052,589,1106,688
503,197,341,507,385,644
503,287,547,835,653,1006
503,289,731,653,820,785
503,7,1226,388,1272,502
503,285,296,856,388,1035
503,68,705,498,774,634
503,274,1737,324,1776,426
503,296,1812,474,1860,610
503,249,750,390,793,505
503,198,475,289,509,383
504,221,1663,489,1721,608
504,4,511,655,572,809
504,116,956,642,1045,762
504,18,1055,591,1103,684
504,197,332,509,378,645
504,287,551,836,670,1003
504,289,726,650,818,786
504,7,1223,391,1268,502
504,285,304,857,386,1032
504,68,704,504,769,633
504,274,1733,326,1771,426
504,296,1806,478,1854,614
504,249,743,393,787,508
504,198,472,290,507,383
504,130,329,269,369,368
505,221,1654,492,1713,615
505,4,504,655,564,815
505,116,951,640,1044,762
505,18,1054,596,1098,684
505,197,316,510,365,647
505,287,556,839,696,1006
505,289,717,647,815,788
505,7,1218,394,1261,503
505,285,315,856,386,1032
505,274,1723,326,1761,428
505,296,1795,483,1843,616
505,249,729,397,777,512
505,198,463,290,499,386
505,130,318,271,359,371
505,216,247,185,278,268
506,221,1645,494,1703,620
506,4,498,652,557,815
506,116,954,639,1041,755
506,18,1052,598,1096,681
506,197,301,511,354,647
506,287,571,841,715,1012
506,289,711,657,802,790
506,7,1213,396,1255,505
506,285,331,854,389,1032
506,274,1715,327,1754,430
506,296,1782,487,1833,617
506,249,712,400,766,514
506,198,457,291,492,386
506,130,311,272,352,373
506,295,683,502,723,622
506,243,766,576,809,666
506,260,1021,662,1105,790
506,68,690,504,752,636
507,221,1641,496,1699,622
507,4,496,650,554,815
507,116,959,638,1041,747
507,18,1054,598,1098,675
507,197,295,511,348,647
507,289,710,661,792,789
507,7,1210,397,1253,507
507,285,340,853,393,1031
507,274,1711,326,1750,433
507,296,1775,489,1827,619
507,249,707,400,762,514
507,198,455,291,489,387
507,130,307,272,349,374
507,295,677,503,718,620
507,243,764,575,807,667
507,260,1012,661,1108,787
507,68,692,505,750,636
508,221,1635,498,1692,626
508,4,492,648,549,815
508,18,1057,597,1097,672
508,197,281,511,340,649
508,289,706,649,796,789
508,7,1204,397,1251,509
508,285,345,850,399,1029
508,274,1702,327,1744,432
508,296,1768,491,1819,623
508,249,698,401,753,515
508,198,449,293,485,392
508,130,301,273,341,375
508,295,666,503,708,620
508,260,1003,658,1107,784
508,68,694,507,746,635
508,302,1878,303,1917,415
508,216,230,185,262,270
508,287,648,845,731,1016
509,221,1630,501,1683,629
509,4,490,646,545,816
509,18,1059,598,1096,677
509,197,268,513,331,658
509,289,703,648,791,788
509,7,1198,397,1249,511
509,285,346,847,415,1027
509,274,1697,329,1739,436
509,296,1760,494,1809,628
509,249,694,400,746,517
509,198,444,297,480,393
509,130,295,274,333,376
509,295,652,502,698,622
509,260,1011,660,1108,782
509,68,698,511,741,635
509,302,1868,302,1907,415
509,216,223,187,257,271
509,287,679,846,749,1017
509,116,984,634,1041,742
510,221,1627,504,1678,628
510,4,490,646,543,816
510,18,1061,600,1098,680
510,197,261,514,326,662
510,7,1195,397,1249,512
510,285,349,847,427,1026
510,274,1692,331,1736,439
510,296,1757,496,1804,631
510,249,694,399,742,519
510,198,442,300,478,394
510,130,292,274,330,376
510,295,643,503,692,622
510,260,1016,662,1109,780
510,68,700,509,741,634
510,302,1863,304,1902,414
510,216,221,188,255,272
510,287,685,846,764,1016
510,116,991,633,1046,740
511,221,1620,509,1667,628
511,4,488,647,537,819
511,197,247,519,311,666
511,7,1190,399,1244,516
511,285,352,848,434,1021
511,274,1683,336,1728,442
511,296,1748,500,1793,634
511,249,689,399,733,518
511,198,436,302,471,396
511,130,285,276,321,377
511,295,630,504,681,625
511,260,1013,663,1107,781
511,68,695,513,738,636
511,302,1853,304,1893,415
511,216,212,187,246,272
511,287,687,848,786,1016
511,116,983,632,1052,742
512,221,1612,513,1658,633
512,4,481,650,531,823
512,197,231,523,294,668
512,7,1193,401,1239,517
512,285,357,852,442,1021
512,274,1675,340,1721,443
512,296,1737,505,1782,636
512,249,683,399,725,518
512,130,277,277,312,379
512,295,618,505,669,627
512,260,1011,662,1107,780
512,68,690,512,735,639
512,302,1841,304,1881,416
512,287,690,847,807,1014
512,116,987,628,1052,738
513,221,1607,514,1652,635
513,4,478,653,529,826
513,197,222,525,283,668
513,7,1190,402,1237,518
513,285,362,853,446,1020
513,274,1670,340,1716,444
513,296,1731,508,1775,636
513,249,679,400,720,520
513,130,273,277,307,379
513,295,609,507,664,629
513,260,1014,662,1105,779
513,68,687,512,732,640
513,302,1835,304,1876,416
513,287,695,847,825,1013
513,116,991,624,1054,736
513,216,199,189,236,274
514,221,1596,517,1642,640
514,4,467,658,521,828
514,197,208,527,264,668
514,7,1188,404,1231,518
514,285,361,855,437,1020
514,274,1663,341,1709,443
514,296,1716,510,1764,638
514,249,669,402,711,521
514,130,263,278,298,380
514,295,596,510,650,633
514,260,1018,643,1100,779
514,68,679,512,721,639
514,302,1824,304,1865,417
514,287,702,848,842,1016
514,116,995,622,1055,735
514,289,699,664,754,791
514,198,417,304,450,397
515,221,1584,519,1634,644
515,4,455,662,515,829
515,197,195,526,247,668
515,7,1186,404,1227,517
515,285,361,855,431,1020
515,274,1656,339,1701,443
515,296,1701,511,1753,638
515,249,659,403,702,520
515,130,253,279,289,380
515,295,586,513,639,634
515,260,1015,640,1098,777
515,68,668,509,718,639
515,302,1813,304,1854,417
515,287,724,850,857,1021
515,289,700,653,752,791
515,198,409,303,442,398
515,216,177,187,221,274
516,221,1578,522,1631,646
516,4,449,665,514,830
516,197,190,525,237,668
516,7,1184,403,1226,517
516,285,363,854,430,1018
516,274,1654,338,1697,442
516,296,1693,512,1744,638
516,249,655,403,699,520
516,130,249,280,285,380
516,295,581,513,633,634
516,260,1029,639,1099,777
516,68,664,508,717,638
516,302,1807,304,1847,416
516,287,746,851,866,1024
516,289,701,646,751,791
516,198,406,301,439,398
517,221,1568,525,1626,645
517,4,438,668,512,830
517,197,176,524,221,670
517,7,1177,402,1220,519
517,285,360,852,426,1017
517,274,1647,336,1689,444
517,296,1681,513,1732,639
517,249,645,405,691,521
517,130,239,281,277,380
517,295,571,514,621,635
517,260,1039,638,1098,778
517,68,657,508,709,638
517,302,1796,303,1837,416
517,287,777,852,867,1027
517,289,697,651,745,791
517,116,1019,611,1060,736
518,221,1561,530,1627,645
518,4,428,670,510,831
518,197,163,524,206,672
518,7,1171,401,1216,520
518,285,358,851,428,1014
518,274,1639,335,1682,444
518,296,1663,516,1720,647
518,249,635,406,682,521
518,130,230,281,267,379
518,295,560,515,610,635
518,260,1044,629,1102,778
518,68,648,509,706,639
518,302,1785,304,1826,416
518,287,814,851,879,1026
518,289,692,601,741,792
518,116,1023,606,1064,735
518,198,390,300,424,398
519,221,1559,532,1628,645
519,4,424,671,510,833
519,197,157,525,197,674
519,7,1169,401,1215,520
519,285,360,851,435,1013
519,274,1635,337,1678,444
519,296,1656,519,1711,650
519,249,631,407,678,521
519,130,225,281,264,380
519,295,556,515,604,636
519,260,1044,632,1104,778
519,68,644,510,703,639
519,302,1779,303,1820,416
519,287,828,851,893,1025
519,289,689,582,741,793
519,116,1024,603,1066,735
519,198,386,300,420,399
520,221,1551,534,1623,646
520,4,416,673,502,834
520,197,142,527,182,678
520,7,1162,402,1210,521
520,285,356,852,438,1010
520,274,1626,338,1669,445
520,296,1641,523,1696,650
520,249,620,407,668,521
520,130,215,281,253,381
520,295,545,515,593,638
520,260,1041,631,1109,780
520,68,635,513,693,638
520,302,1767,304,1808,417
520,287,831,851,913,1026
520,289,682,576,739,792
520,116,1021,599,1065,736
520,198,377,304,411,399
521,221,1540,538,1612,650
521,4,409,675,493,835
521,197,125,531,165,681
521,7,1157,404,1203,524
521,285,352,856,436,1009
521,274,1617,340,1659,448
521,296,1629,527,1685,652
521,249,608,408,657,522
521,295,534,516,580,639
521,260,1031,641,1108,781
521,68,627,513,681,638
521,302,1755,305,1795,418
521,287,835,853,936,1027
521,289,672,629,739,792
521,198,367,305,402,402
522,221,1538,539,1606,653
522,4,406,677,489,835
522,197,111,534,157,682
522,7,1158,405,1199,524
522,285,351,857,438,1009
522,274,1613,341,1654,449
522,296,1624,529,1680,654
522,249,601,407,651,523
522,295,528,516,573,639
522,260,1026,644,1110,782
522,68,625,512,676,639
522,302,1747,305,1788,419
522,287,841,854,959,1027
522,289,666,656,740,791
522,198,363,307,398,402
522,130,198,283,236,383
522,116,1015,594,1066,733
523,221,1529,541,1588,658
523,4,400,679,480,836
523,197,86,539,137,684
523,7,1151,407,1189,525
523,285,345,860,427,1013
523,274,1602,343,1641,449
523,296,1611,530,1666,658
523,249,590,407,638,523
523,295,514,516,558,639
523,260,1014,644,1105,783
523,68,616,512,665,640
523,302,1732,304,1773,418
523,287,872,856,975,1030
523,289,653,662,735,789
523,198,350,306,387,402
523,319,661,578,702,704
523,130,184,282,221,383
523,116,1003,592,1063,727
524,221,1517,544,1571,659
524,4,394,681,474,836
524,197,57,541,119,685
524,7,1143,408,1180,525
524,285,338,862,422,1015
524,274,1590,344,1628,448
524,296,1595,532,1651,658
524,249,576,407,625,523
524,295,498,515,543,639
524,260,1002,634,1107,783
524,68,609,510,652,637
524,302,1715,304,1757,418
524,287,876,859,984,1035
524,289,640,662,727,790
524,198,336,306,374,403
524,319,649,579,689,702
524,130,170,282,206,383
524,116,988,591,1060,720
525,221,1511,546,1563,659
525,4,393,682,476,835
525,197,43,543,110,685
525,7,1139,408,1177,523
525,285,335,863,422,1014
525,274,1584,344,1621,448
525,296,1585,533,1642,659
525,249,568,405,619,522
525,295,491,514,535,639
525,260,999,633,1109,782
525,68,609,509,646,636
525,302,1706,304,1748,417
525,287,889,861,987,1037
525,289,635,665,722,791
525,198,331,306,369,402
525,319,643,581,683,703
525,130,163,281,199,383
525,116,985,591,1062,712
526,221,1495,549,1548,656
526,4,387,683,460,835
526,197,19,542,92,687
526,7,1126,408,1168,522
526,285,322,863,410,1009
526,274,1570,343,1608,447
526,296,1562,536,1629,663
526,249,556,405,605,523
526,295,475,513,519,639
526,260,992,631,1117,781
526,68,601,508,637,636
526,302,1688,303,1731,415
526,287,903,862,981,1036
526,289,627,662,707,791
526,198,317,304,356,402
526,319,629,580,669,704
526,130,147,281,183,383
527,221,1480,552,1535,656
527,4,384,680,461,833
527,197,0,541,72,688
527,7,1111,405,1160,523
527,285,307,861,398,1007
527,274,1557,342,1595,445
527,296,1539,539,1613,667
527,249,543,403,591,521
527,295,459,512,504,639
527,260,991,635,1085,779
527,302,1672,301,1714,414
527,287,911,860,985,1034
527,289,621,662,694,790
527,198,303,303,342,402
527,319,615,579,656,703
527,130,131,279,167,383
528,221,1474,551,1530,661
528,4,380,678,458,833
528,197,0,541,63,687
528,7,1105,404,1157,523
528,285,301,862,394,1005
528,274,1550,340,1589,445
528,296,1527,540,1605,669
528,249,537,402,585,522
528,295,451,511,496,638
528,260,976,630,1067,776
528,302,1663,301,1706,413
528,287,918,859,994,1032
528,289,623,662,690,789
528,198,296,303,335,401
528,319,609,581,650,703
528,130,123,278,158,383
528,325,1056,627,1117,737
528,68,585,505,619,634
529,221,1460,552,1518,667
529,4,365,673,446,831
529,197,0,540,44,681
529,7,1091,400,1146,520
529,285,283,860,381,1002
529,274,1533,336,1575,444
529,296,1508,541,1588,666
529,249,524,400,569,518
529,295,434,508,480,637
529,260,968,641,1053,774
529,302,1645,298,1689,410
529,287,917,857,1016,1024
529,289,621,659,676,786
529,198,280,301,320,400
529,319,594,578,635,702
529,130,105,277,141,380
529,325,1052,627,1103,747
529,328,1877,577,1916,697
529,68,570,504,606,632
530,221,1448,552,1504,668
530,4,348,670,430,830
530,7,1075,397,1132,517
530,285,256,859,371,1003
530,274,1512,334,1558,442
530,249,508,398,552,516
530,295,412,506,459,635
530,260,968,628,1041,775
530,302,1625,294,1668,406
530,287,918,856,1031,1021
530,289,617,658,663,783
530,198,263,299,302,398
530,319,575,577,618,701
530,130,84,274,121,377
530,325,1048,627,1094,729
530,328,1858,575,1912,696
530,68,552,500,591,630
531,221,1443,553,1497,668
531,4,339,667,424,829
531,7,1068,398,1123,516
531,285,237,859,364,1003
531,274,1501,333,1550,441
531,249,500,397,542,515
531,295,401,506,449,633
531,260,965,617,1038,776
531,302,1614,293,1656,405
531,287,921,857,1039,1022
531,289,611,657,658,781
531,198,253,300,292,398
531,319,567,575,609,701
531,130,72,275,110,376
531,325,1047,629,1092,722
531,328,1848,575,1906,696
531,68,542,500,582,628
531,296,1475,542,1558,666
532,221,1422,555,1481,667
532,4,319,667,406,828
532,7,1054,398,1104,514
532,285,219,862,345,1004
532,274,1478,332,1529,440
532,249,477,397,519,515
532,295,376,506,424,633
532,260,949,621,1028,776
532,302,1589,291,1631,403
532,287,918,859,1025,1021
532,289,591,656,640,779
532,198,230,300,269,398
532,319,544,573,588,699
532,130,46,273,85,375
532,325,1032,632,1081,729
532,328,1823,575,1887,693
532,68,515,499,561,626
532,296,1454,542,1535,670
533,221,1395,559,1458,671
533,7,1033,401,1083,516
533,285,174,867,319,1006
533,274,1451,336,1505,440
533,249,452,398,493,516
533,295,347,507,397,635
533,302,1560,291,1603,403
533,287,917,860,1015,1024
533,289,564,657,620,779
533,319,520,573,563,700
533,130,16,275,57,377
533,328,1795,576,1863,698
533,296,1429,547,1508,675
534,221,1385,560,1446,664
534,7,1027,401,1074,517
534,285,173,869,304,1006
534,274,1438,338,1492,441
534,249,437,399,481,516
534,295,332,509,384,637
534,287,921,862,1020,1025
534,289,553,658,611,778
534,319,506,574,551,700
534,130,2,274,41,379
534,328,1779,576,1851,703
534,4,286,669,383,829
534,260,923,632,1009,778
534,198,190,300,229,398
534,325,1010,636,1068,738
535,221,1361,562,1423,664
535,7,1005,402,1052,515
535,285,150,872,275,1007
535,274,1413,341,1466,440
535,249,409,399,455,516
535,295,303,509,353,637
535,287,914,860,1019,1021
535,289,532,661,589,767
535,319,478,578,524,700
535,328,1748,578,1823,706
535,4,265,670,358,829
535,260,905,625,995,777
535,325,997,634,1056,739
535,296,1387,554,1468,679
536,221,1346,564,1402,657
536,7,983,401,1031,516
536,285,122,874,247,1008
536,274,1390,344,1444,439
536,249,383,400,431,515
536,295,277,510,324,639
536,287,908,860,1016,1016
536,289,514,663,576,788
536,319,446,577,499,701
536,328,1720,580,1798,709
536,4,252,675,335,828
536,260,889,642,978,775
536,325,993,632,1047,755
536,296,1370,558,1445,680
537,221,1327,569,1383,677
537,7,956,400,1009,519
537,285,82,876,213,1016
537,274,1360,344,1416,440
537,249,351,401,404,519
537,295,245,512,290,640
537,287,889,859,1004,1014
537,289,494,667,560,795
537,319,409,581,468,703
537,328,1685,587,1766,713
537,4,241,680,321,827
537,325,978,635,1047,760
537,296,1356,560,1421,685
538,221,1316,574,1374,683
538,7,945,402,999,523
538,285,57,878,194,1026
538,274,1347,345,1405,443
538,249,337,405,389,523
538,295,229,515,274,643
538,287,880,863,1003,1017
538,289,484,671,547,799
538,319,396,584,454,707
538,328,1667,594,1752,715
538,4,242,683,319,832
538,325,970,641,1050,765
538,296,1354,564,1414,692
538,302,1439,294,1480,403
538,198,88,302,131,405
538,260,889,648,962,775
539,221,1312,578,1374,683
539,7,942,403,996,526
539,285,41,880,160,1030
539,274,1342,346,1402,444
539,249,333,406,383,525
539,295,222,517,267,644
539,287,879,864,1001,1020
539,289,480,673,551,801
539,319,393,586,448,709
539,328,1660,597,1749,715
539,4,243,685,319,836
539,325,971,644,1057,769
539,296,1354,568,1413,696
539,340,1215,778,1235,796
539,302,1432,297,1473,405
539,198,82,304,125,407
539,260,896,650,970,775
540,221,1303,582,1364,695
540,7,937,405,987,528
540,285,21,881,143,1033
540,274,1330,346,1391,446
540,249,324,407,369,528
540,295,208,517,253,645
540,287,876,865,995,1020
540,289,471,675,545,803
540,328,1646,600,1740,715
540,4,236,685,308,840
540,325,969,652,1056,773
540,296,1339,571,1406,700
540,302,1419,300,1458,406
540,198,70,306,114,410
541,221,1299,585,1358,703
541,7,934,408,978,527
541,285,2,881,112,1033
541,274,1321,346,1381,448
541,249,314,406,355,528
541,295,194,517,239,644
541,287,882,864,1003,1016
541,289,460,675,532,808
541,328,1635,600,1734,719
541,4,227,684,296,845
541,325,996,651,1057,777
541,296,1334,573,1400,701
541,302,1403,300,1446,405
541,198,61,306,103,410
541,319,373,593,423,710
542,221,1301,587,1357,708
542,7,935,408,975,526
542,285,0,879,96,1033
542,274,1319,348,1376,448
542,249,310,405,350,526
542,295,186,516,232,644
542,287,894,863,1012,1012
542,289,457,675,525,813
542,328,1630,600,1734,722
542,4,222,683,291,847
542,325,1011,646,1060,781
542,296,1338,573,1398,696
542,302,1396,300,1438,405
542,198,57,307,97,410
542,342,1217,780,1237,798
542,319,368,595,417,710
543,221,1299,588,1352,714
543,7,924,408,966,525
543,285,0,876,73,1031
543,274,1313,348,1364,447
543,249,297,403,336,524
543,295,172,515,217,644
543,287,907,861,1019,1008
543,289,447,674,513,816
543,328,1626,600,1725,728
543,4,210,682,285,848
543,325,1005,644,1062,782
543,296,1338,574,1391,672
543,302,1383,298,1423,404
543,198,46,305,85,409
543,319,354,592,402,709
543,68,353,504,400,609
543,260,861,652,939,769
544,221,1295,590,1358,714
544,7,913,407,961,524
544,285,0,889,50,1029
544,274,1308,348,1353,446
544,249,285,402,325,523
544,295,157,515,203,644
544,287,907,859,1025,1007
544,289,443,676,499,820
544,328,1632,601,1720,732
544,4,200,685,280,849
544,325,997,644,1079,781
544,302,1368,297,1410,403
544,198,35,303,75,407
544,319,341,594,393,709
544,260,850,651,935,769
545,221,1294,593,1353,711
545,7,907,406,961,524
545,274,1305,348,1348,445
545,249,280,402,320,524
545,295,152,516,198,645
545,287,907,858,1030,1006
545,289,443,679,493,824
545,328,1639,603,1718,733
545,4,198,688,276,851
545,325,996,645,1090,781
545,302,1363,296,1404,402
545,198,29,303,69,407
545,319,335,534,392,709
545,260,848,650,936,768
545,345,1218,778,1238,798
545,346,925,593,979,722
545,296,1338,570,1387,665
546,221,1283,595,1345,707
546,7,896,405,955,523
546,274,1292,350,1339,443
546,249,267,402,310,523
546,295,138,517,185,644
546,287,895,856,1026,1006
546,289,437,683,482,798
546,328,1628,606,1711,732
546,4,194,692,262,851
546,325,991,645,1089,776
546,302,1352,296,1391,401
546,198,16,301,58,406
546,319,322,559,383,709
546,260,845,652,933,766
546,346,917,593,972,721
546,296,1337,567,1385,687
547,221,1276,596,1342,719
547,7,886,403,950,522
547,274,1282,351,1331,443
547,249,256,402,301,523
547,295,126,516,172,644
547,287,887,852,1023,1004
547,289,428,685,474,815
547,328,1617,608,1709,731
547,4,195,694,255,852
547,325,1021,643,1090,778
547,302,1342,294,1380,399
547,198,4,301,48,404
547,319,311,570,373,706
547,296,1337,566,1384,696
548,221,1277,597,1344,724
548,7,883,403,950,521
548,274,1276,350,1331,444
548,249,253,402,299,522
548,295,122,517,168,644
548,287,888,850,1024,1001
548,289,422,686,475,819
548,328,1613,608,1713,731
548,4,199,696,256,852
548,325,1043,643,1094,782
548,302,1337,294,1376,399
548,198,1,301,45,405
548,319,307,575,369,707
548,296,1340,566,1387,701
548,349,1221,778,1242,799
549,221,1278,601,1340,732
549,7,876,403,943,522
549,274,1266,350,1326,444
549,249,242,401,293,523
549,295,110,517,156,645
549,287,889,849,1019,1003
549,289,408,686,470,824
549,328,1606,608,1713,730
549,4,199,695,253,852
549,325,1050,645,1096,784
549,198,0,303,34,406
549,319,296,574,358,707
549,296,1338,567,1384,703
549,350,931,590,990,713
550,221,1274,601,1328,735
550,274,1255,351,1319,440
550,249,229,401,284,521
550,295,97,516,143,644
550,287,901,846,1008,1003
550,289,397,682,464,825
550,328,1603,606,1713,729
550,4,192,691,248,849
550,325,1050,646,1103,785
550,198,0,302,22,404
550,319,283,569,337,705
550,296,1336,566,1380,704
550,350,935,586,995,713
550,260,865,637,955,762
551,221,1273,602,1328,736
551,249,222,400,279,521
551,295,91,515,136,643
551,287,915,845,1006,1002
551,289,393,681,462,827
551,328,1606,603,1716,730
551,4,188,687,247,847
551,325,1052,646,1113,784
551,198,0,304,15,403
551,319,277,565,331,705
551,296,1336,566,1381,704
551,350,940,585,1006,714
551,352,1222,774,1244,793
551,7,892,402,931,519
552,221,1264,601,1323,733
552,249,210,397,266,517
552,295,79,511,124,639
552,287,933,842,1006,998
552,289,388,678,456,827
552,328,1612,598,1715,731
552,4,177,680,241,845
552,325,1056,645,1119,785
552,319,264,564,321,702
552,296,1327,563,1376,699
552,350,945,583,1013,713
552,260,860,631,950,757
553,221,1258,601,1320,735
553,249,199,395,254,514
553,295,68,508,111,636
553,287,928,840,1016,995
553,289,387,677,450,829
553,328,1626,595,1717,729
553,4,166,676,234,848
553,325,1070,646,1128,787
553,319,250,563,308,701
553,296,1329,560,1374,674
553,350,951,584,1011,711
553,260,855,626,956,749
553,302,1291,284,1332,388
553,7,879,398,920,511
554,221,1258,602,1322,737
554,249,193,393,246,512
554,295,62,506,105,636
554,287,927,839,1022,994
554,289,399,678,449,829
554,328,1637,594,1719,728
554,4,159,674,232,849
554,325,1083,648,1134,787
554,319,245,565,300,702
554,296,1316,558,1376,684
554,350,956,581,1008,712
554,260,857,623,959,747
554,355,1222,767,1243,784
554,7,877,397,919,508
554,274,1245,335,1316,438
555,221,1251,604,1317,741
555,249,178,391,228,510
555,295,45,505,89,634
555,287,917,839,1027,991
555,289,383,678,441,829
555,328,1627,592,1718,726
555,4,145,674,224,849
555,325,1091,652,1143,786
555,319,229,566,290,701
555,296,1318,555,1374,686
555,350,955,579,995,712
555,7,863,394,909,508
556,221,1246,609,1319,749
556,249,165,391,211,510
556,295,28,506,72,636
556,287,913,839,1034,994
556,289,375,680,433,830
556,328,1618,591,1718,724
556,4,132,677,216,853
556,325,1093,655,1154,782
556,319,214,570,272,703
556,296,1316,554,1372,690
556,350,949,579,998,711
556,7,847,392,901,510
556,68,248,494,287,590
557,221,1247,612,1324,756
557,249,161,391,204,511
557,295,22,507,67,639
557,287,918,840,1038,998
557,289,374,683,431,832
557,328,1616,591,1721,723
557,4,129,682,210,855
557,325,1098,660,1164,782
557,319,207,573,262,704
557,296,1320,555,1378,691
557,7,843,392,900,513
557,360,897,623,937,717
557,68,243,496,284,608
557,274,1224,335,1282,437
558,221,1243,619,1319,757
558,249,149,393,189,513
558,295,8,510,60,642
558,287,930,842,1033,1000
558,289,364,685,424,837
558,328,1610,592,1721,726
558,4,121,688,200,859
558,325,1102,668,1169,785
558,319,192,576,243,706
558,296,1317,556,1378,693
558,7,833,394,895,514
558,68,231,498,274,621
558,260,878,622,941,744
559,221,1240,623,1316,760
559,249,137,394,176,514
559,295,0,511,44,642
559,287,957,843,1041,999
559,289,357,687,419,841
559,328,1610,593,1719,730
559,4,117,693,196,861
559,325,1108,677,1181,787
559,319,180,577,227,707
559,296,1321,558,1372,695
559,68,220,499,264,626
559,260,872,621,939,748
559,274,1202,296,1263,440
560,221,1239,625,1315,763
560,249,133,394,170,515
560,295,0,513,41,642
560,287,972,843,1050,998
560,289,357,689,418,843
560,328,1647,592,1721,730
560,4,119,696,198,863
560,325,1115,683,1217,790
560,319,174,577,221,706
560,296,1325,559,1368,695
560,68,215,499,261,628
560,260,869,619,945,749
560,274,1199,287,1260,440
561,221,1231,626,1312,765
561,249,121,394,159,515
561,295,0,512,33,640
561,287,967,841,1055,997
561,289,356,691,413,844
561,328,1644,590,1720,728
561,4,119,696,198,862
561,325,1109,688,1200,785
561,319,162,576,210,706
561,68,205,499,249,628
561,260,864,617,959,748
561,274,1191,281,1254,440
561,7,830,397,876,513
562,221,1225,628,1315,770
562,249,111,394,152,514
562,295,0,521,24,640
562,287,961,837,1061,995
562,289,357,692,410,844
562,328,1649,588,1721,727
562,4,120,693,193,861
562,319,152,575,202,703
562,68,197,499,239,627
562,274,1184,277,1248,440
562,7,830,397,868,513
562,350,945,618,1029,706
562,296,1317,558,1364,690
563,221,1224,630,1321,774
563,249,106,394,151,514
563,287,961,834,1076,994
563,289,355,692,412,843
563,328,1650,586,1726,726
563,4,120,691,191,861
563,319,147,575,200,700
563,68,194,500,235,626
563,274,1184,313,1247,441
563,7,833,397,867,511
563,350,951,578,1032,706
563,296,1313,556,1373,687
563,325,1110,699,1205,784
564,221,1220,633,1318,780
564,249,96,393,146,512
564,287,960,832,1089,993
564,289,346,690,412,843
564,328,1644,582,1732,721
564,4,113,690,187,860
564,319,138,574,201,700
564,68,186,499,226,625
564,274,1189,328,1238,441
564,7,825,395,864,509
564,350,958,571,1026,709
564,296,1302,551,1373,680
564,325,1123,706,1235,784
564,302,1181,274,1215,385
565,221,1220,637,1318,781
565,249,86,393,139,512
565,287,964,831,1105,997
565,289,337,689,412,842
565,328,1642,578,1739,717
565,4,106,688,181,863
565,319,128,573,188,702
565,68,177,497,221,621
565,7,816,392,862,508
565,350,970,569,1020,712
565,296,1311,548,1375,676
565,325,1134,709,1234,783
565,302,1171,274,1208,384
566,221,1227,639,1322,780
566,249,81,392,136,512
566,287,972,831,1115,1001
566,289,336,689,417,842
566,328,1645,576,1751,714
566,4,103,688,182,865
566,319,125,572,181,704
566,68,173,497,219,621
566,7,813,390,864,509
566,350,978,569,1026,713
566,296,1318,546,1385,674
566,325,1140,711,1251,783
566,274,1187,331,1231,439
567,249,71,392,128,511
567,287,987,831,1110,1003
567,289,332,689,420,844
567,328,1651,573,1757,714
567,4,98,688,180,865
567,319,117,571,167,701
567,68,165,496,215,620
567,7,807,389,864,508
567,350,973,572,1037,713
567,296,1320,544,1392,674
567,325,1140,710,1256,783
567,274,1185,332,1229,436
567,302,1155,272,1195,382
568,249,60,391,117,510
568,287,1011,832,1103,1003
568,289,330,690,416,845
568,328,1665,573,1757,716
568,4,95,690,177,867
568,319,107,572,154,700
568,68,159,495,206,621
568,7,801,388,866,507
568,350,968,575,1048,713
568,296,1327,542,1391,675
568,325,1134,711,1255,783
568,274,1179,332,1226,435
568,302,1144,271,1186,381
568,260,899,609,978,742
568,221,1234,642,1316,780
569,249,55,391,113,510
569,287,1027,834,1101,1003
569,289,357,692,417,846
569,328,1678,573,1757,717
569,4,95,693,177,866
569,319,102,572,151,702
569,68,156,494,202,622
569,7,800,388,868,507
569,350,968,577,1057,713
569,296,1333,543,1390,677
569,325,1135,711,1255,783
569,274,1175,333,1225,434
569,302,1138,271,1182,379
569,260,900,607,976,741
569,221,1239,644,1316,783
570,249,43,391,98,511
570,287,1043,834,1103,1002
570,328,1692,573,1758,717
570,4,91,697,168,863
570,319,88,573,136,704
570,68,144,493,193,623
570,7,793,389,858,507
570,350,963,580,1058,715
570,296,1322,543,1378,679
570,325,1136,712,1254,784
570,274,1163,334,1218,435
570,302,1126,271,1174,380
570,260,893,606,972,740
570,221,1241,648,1313,789
571,249,29,391,79,512
571,287,1036,833,1109,1000
571,328,1686,572,1760,718
571,4,84,704,156,866
571,319,68,573,118,704
571,68,127,493,177,626
571,7,784,390,842,507
571,350,960,583,1050,718
571,296,1314,543,1366,679
571,325,1130,711,1248,782
571,274,1147,335,1209,435
571,302,1109,272,1158,376
571,260,880,605,973,739
571,221,1236,654,1307,799
571,289,341,696,402,846
572,249,19,392,66,513
572,287,1032,833,1113,1002
572,328,1682,571,1762,718
572,4,83,708,151,868
572,319,55,577,106,706
572,68,117,496,166,630
572,7,781,391,832,507
572,350,976,585,1042,718
572,296,1312,543,1364,678
572,325,1132,709,1240,782
572,274,1138,335,1206,433
572,302,1101,272,1149,376
572,260,899,606,977,740
572,221,1233,660,1300,806
572,289,335,698,397,847
573,249,0,394,40,515
573,287,1010,832,1108,1007
573,328,1656,572,1752,717
573,4,64,731,131,869
573,319,25,580,77,707
573,68,91,499,141,632
573,7,766,392,810,509
573,296,1285,543,1348,678
573,325,1117,709,1219,782
573,274,1112,336,1186,436
573,302,1075,274,1121,379
573,260,865,608,962,741
573,221,1213,667,1278,812
573,289,308,697,380,847
574,287,987,833,1107,1011
574,328,1633,574,1737,715
574,4,38,717,110,866
574,319,0,584,46,710
574,68,61,505,111,635
574,7,740,394,785,510
574,296,1255,543,1329,678
574,325,1099,709,1198,784
574,274,1085,338,1160,441
574,302,1048,276,1091,381
574,221,1185,675,1260,813
574,289,280,698,358,852
574,350,943,607,1001,720
575,287,980,836,1112,1014
575,328,1624,575,1731,715
575,4,23,713,104,870
575,319,0,587,30,715
575,68,47,510,96,639
575,7,726,396,774,512
575,296,1242,544,1322,676
575,325,1092,710,1188,786
575,274,1071,341,1147,445
575,302,1034,278,1076,382
575,221,1170,681,1251,810
575,289,267,701,350,855
575,350,930,594,994,721
576,287,979,841,1092,1017
576,328,1598,579,1699,724
576,4,0,716,76,882
576,68,12,516,61,641
576,7,690,398,744,516
576,274,1040,349,1110,448
576,302,999,281,1038,385
576,221,1141,687,1222,820
576,289,234,703,324,861
576,350,897,589,972,723
576,260,823,621,886,733
577,287,943,848,1066,1023
577,328,1573,584,1672,725
577,4,0,719,42,893
577,7,651,403,715,523
577,274,1009,355,1074,452
577,302,958,287,997,388
577,221,1114,693,1189,833
577,289,202,708,299,868
577,350,871,590,951,724
577,260,803,624,851,735
578,287,931,851,1051,1026
578,328,1566,588,1662,703
578,4,0,722,27,897
578,7,632,405,704,526
578,274,995,357,1055,454
578,302,939,290,976,389
578,221,1103,697,1177,841
578,289,210,713,288,872
578,350,853,590,945,724
578,260,791,625,836,727
578,296,1159,548,1263,679
578,325,1019,712,1089,791
579,287,905,851,1001,1023
579,328,1531,587,1604,718
579,7,587,409,669,529
579,274,959,359,1014,456
579,221,1068,716,1137,845
579,350,813,589,921,723
579,260,741,625,801,747
579,296,1124,549,1220,680
579,325,978,711,1046,792
580,287,886,849,956,1022
580,328,1483,585,1559,723
580,274,915,361,971,458
580,221,1034,709,1105,842
580,350,772,590,892,723
580,260,698,624,770,755
580,296,1097,551,1173,681
580,325,935,707,1002,792
580,289,131,724,203,879
581,287,879,847,939,1022
581,328,1462,582,1541,723
581,274,893,360,952,460
581,221,1022,708,1092,839
581,350,757,592,881,724
581,296,1090,552,1152,681
581,325,914,705,982,793
581,289,119,726,186,880
581,7,531,415,601,532
582,287,847,846,908,1020
582,328,1417,581,1504,723
582,274,848,363,910,461
582,221,988,709,1058,835
582,350,725,593,840,726
582,296,1059,552,1115,682
582,325,871,701,937,793
582,289,78,728,150,883
582,7,495,419,554,534
582,260,640,627,737,761
583,287,813,846,887,1021
583,328,1375,581,1473,723
583,274,806,365,873,463
583,221,958,725,1027,851
583,350,700,595,798,727
583,296,1020,549,1085,683
583,325,828,695,894,794
583,289,39,730,118,887
583,7,463,422,511,537
584,287,801,849,887,1023
584,328,1359,582,1467,722
584,274,787,368,859,465
584,221,947,723,1018,862
584,350,692,598,780,730
584,296,1003,550,1075,682
584,325,809,690,874,797
584,289,20,732,106,890
584,7,449,423,493,540
584,302,707,304,758,408
584,260,600,634,694,769
585,287,768,855,860,1025
585,274,748,375,824,471
585,221,914,734,989,872
585,350,670,605,740,732
585,296,962,551,1042,682
585,325,765,688,831,799
585,289,6,737,73,893
585,7,409,426,457,544
585,302,663,312,713,415
586,287,740,861,835,1030
586,274,711,378,782,476
586,221,884,735,963,879
586,350,649,607,708,734
586,296,924,553,1013,680
586,325,723,684,788,802
586,289,0,743,48,897
586,7,367,430,419,546
586,302,621,317,669,420
587,287,731,866,827,1034
587,274,697,379,765,479
587,221,884,737,955,884
587,350,635,608,698,735
587,296,909,553,1006,678
587,325,705,680,769,801
587,289,0,747,42,900
587,7,349,432,404,549
587,302,602,320,650,422
587,328,1278,593,1384,735
588,287,704,874,798,1038
588,221,862,743,927,888
588,350,603,604,670,739
588,325,657,679,728,803
588,7,310,437,376,554
588,302,564,324,609,426
588,260,512,655,561,783
589,287,679,880,765,1038
589,221,842,748,906,888
589,325,627,682,690,804
589,7,275,439,350,556
589,302,527,328,571,430
589,260,477,657,537,785
589,274,641,387,693,486
589,296,860,559,943,684
589,328,1237,600,1321,738
590,287,670,883,751,1039
590,221,834,748,905,888
590,325,614,678,674,804
590,7,262,442,342,557
590,302,512,329,554,432
590,260,465,656,529,785
590,274,635,387,678,485
590,296,856,560,929,687
590,328,1233,600,1312,737
591,287,648,888,724,1044
591,221,811,764,895,893
591,325,554,674,646,807
591,7,240,449,317,563
591,302,485,332,524,436
591,260,438,659,510,788
591,274,610,387,658,490
591,296,845,564,899,688
591,328,1219,602,1293,738
592,287,630,895,719,1051
592,221,791,760,889,899
592,325,527,678,618,813
592,7,223,457,291,570
592,302,460,337,499,444
592,260,417,663,504,793
592,274,587,391,640,495
592,296,834,568,880,694
592,328,1200,606,1278,740
593,287,624,897,723,1054
593,221,785,761,889,903
593,7,221,461,276,572
593,302,449,341,488,447
593,260,409,667,505,797
593,274,580,392,638,496
593,296,827,568,875,696
593,328,1193,608,1274,742
594,287,610,904,721,1057
594,221,772,766,889,908
594,7,211,466,254,575
594,302,430,346,468,450
594,260,418,673,499,800
594,274,560,396,626,499
594,296,812,570,864,699
594,328,1176,610,1261,747
594,325,517,692,585,818
595,287,602,910,717,1059
595,221,786,769,889,909
595,7,201,468,241,577
595,302,414,350,451,451
595,260,424,678,494,804
595,274,548,400,616,501
595,296,799,569,860,696
595,328,1166,612,1254,751
595,325,516,690,574,819
596,287,601,913,716,1059
596,221,795,771,889,912
596,7,198,467,237,578
596,302,408,351,445,454
596,260,404,682,490,806
596,274,545,401,614,502
596,296,794,568,864,690
596,328,1163,612,1258,752
596,325,513,686,573,819
597,287,593,917,706,1056
597,221,804,773,884,912
597,7,189,466,229,579
597,302,396,353,435,455
597,260,399,685,480,807
597,274,536,404,605,502
597,296,787,567,862,684
597,328,1156,614,1255,754
597,325,500,684,559,819
597,350,537,622,580,742
598,287,588,920,695,1056
598,221,822,773,884,912
598,7,181,465,227,579
598,302,384,357,425,456
598,260,405,687,467,802
598,274,533,405,597,503
598,296,785,567,857,686
598,328,1182,615,1246,755
598,325,490,684,543,817
598,350,533,621,579,744
599,287,587,923,689,1055
599,7,178,465,229,579
599,302,380,357,421,459
599,260,413,688,461,800
599,274,536,406,595,504
599,296,789,568,853,687
599,328,1198,618,1241,754
599,350,534,620,583,745
600,287,580,924,680,1055
600,7,169,469,225,582
600,302,369,361,412,461
600,260,416,688,455,808
600,274,536,411,585,508
600,296,796,569,844,688
600,350,528,621,586,745
600,221,834,772,905,911
600,325,472,684,538,820
601,287,571,924,668,1055
601,7,161,472,219,584
601,302,359,364,399,464
601,260,413,688,451,811
601,274,532,412,578,509
601,296,802,569,840,687
601,350,526,623,587,744
601,221,834,772,910,907
601,325,463,684,535,821
601,328,1185,620,1241,756
602,287,565,922,666,1060
602,7,158,473,215,584
602,302,355,366,394,465
602,260,412,688,450,815
602,274,530,413,573,509
602,296,801,568,842,687
602,350,527,624,588,745
602,221,836,773,918,910
602,325,458,684,536,821
603,287,551,921,650,1066
603,7,147,476,201,584
603,302,344,368,382,466
603,260,402,688,446,821
603,274,521,413,564,510
603,296,793,566,840,687
603,350,524,627,580,745
603,221,834,772,928,912
603,325,444,684,535,820
603,328,1174,619,1250,755
604,287,538,919,631,1069
604,7,137,477,189,584
604,274,513,412,557,510
604,296,785,564,839,683
604,350,523,629,571,747
604,221,843,772,939,912
604,325,432,684,510,821
604,328,1164,618,1249,754
605,287,530,919,621,1074
605,7,132,479,184,585
605,274,509,411,556,510
605,296,782,562,844,677
605,350,523,630,569,747
605,221,854,772,946,915
605,325,428,683,507,823
605,328,1162,618,1253,752
605,302,328,369,365,469
606,287,514,919,602,1077
606,7,120,479,169,585
606,274,498,411,549,509
606,296,774,560,841,672
606,350,517,629,560,747
606,221,863,775,935,915
606,325,411,683,497,822
606,328,1153,616,1245,752
606,302,317,370,353,470
607,287,498,921,585,1079
607,7,107,479,155,585
607,274,487,413,540,508
607,296,777,559,836,670
607,350,511,628,555,747
607,221,877,776,935,914
607,325,398,683,485,824
607,328,1171,618,1242,750
607,302,304,373,340,472
608,287,491,923,576,1080
608,7,100,479,150,586
608,274,483,414,538,509
608,296,774,558,833,671
608,350,509,627,558,746
608,221,884,776,939,913
608,325,389,685,479,826
608,328,1182,621,1241,751
608,302,298,373,334,473
609,287,477,926,561,1079
609,7,86,478,134,585
609,274,473,417,523,509
609,296,769,558,823,671
609,350,497,625,559,745
609,221,876,773,938,911
609,325,376,681,465,826
609,328,1155,624,1229,753
609,302,284,374,319,474
610,287,461,930,545,1080
610,7,70,479,119,585
610,274,463,418,508,509
610,296,767,559,812,671
610,350,485,627,556,744
610,221,870,770,937,904
610,302,269,375,303,475
611,287,451,933,538,1080
611,7,63,479,112,584
611,274,458,419,500,509
611,296,766,558,807,671
611,350,479,627,554,744
611,221,869,768,940,899
611,302,261,375,296,476
611,325,355,683,423,827
611,328,1147,626,1208,753
612,287,429,934,520,1080
612,7,46,480,96,583
612,274,443,419,483,510
612,296,752,556,797,670
612,350,467,629,543,744
612,221,864,767,946,897
612,302,244,376,279,478
612,325,340,683,405,829
612,328,1147,626,1198,753
613,287,405,935,502,1080
613,7,30,487,81,585
613,296,742,552,788,668
613,350,457,629,527,745
613,221,858,766,948,897
613,302,226,379,263,480
613,325,326,684,398,831
613,328,1138,624,1193,751
614,287,394,935,494,1080
614,7,22,486,73,585
614,296,738,551,786,663
614,350,456,630,517,744
614,221,861,766,952,897
614,302,219,380,255,482
614,325,319,683,379,815
614,328,1133,622,1193,752
614,260,339,700,400,834
614,274,422,418,461,511
615,287,370,935,476,1080
615,7,5,488,58,586
615,296,727,550,780,658
615,350,450,631,504,745
615,221,870,768,941,899
615,302,202,383,239,484
615,325,302,684,377,815
615,328,1121,622,1186,751
615,407,1874,449,1914,547
615,260,334,707,393,836
615,274,408,418,446,512
616,287,348,934,456,1080
616,7,0,488,42,588
616,296,718,551,775,656
616,350,443,631,491,747
616,221,880,768,929,899
616,302,187,386,224,486
616,325,289,684,349,813
616,328,1108,622,1182,750
616,407,1853,448,1894,547
616,260,335,713,384,838
616,274,395,418,435,512
617,287,335,935,446,1080
617,7,0,491,35,589
617,296,719,551,773,656
617,350,441,630,487,748
617,221,887,766,928,899
617,302,181,387,218,487
617,325,283,684,340,814
617,328,1104,621,1187,749
617,407,1843,448,1885,547
617,260,338,716,382,839
617,274,390,417,431,510
618,287,313,937,425,1080
618,7,0,510,18,590
618,296,716,550,762,656
618,350,431,630,478,748
618,221,883,764,929,900
618,302,168,389,204,489
618,325,270,685,338,816
618,328,1096,622,1187,750
618,407,1824,450,1866,548
618,274,379,419,421,509
619,287,293,942,401,1080
619,350,422,629,473,748
619,221,876,760,931,894
619,302,154,392,190,493
619,325,258,686,329,815
619,328,1091,624,1185,752
619,407,1807,451,1848,549
619,274,368,422,410,510
619,260,315,723,369,841
620,287,283,945,387,1080
620,350,419,628,474,750
620,221,874,757,936,890
620,302,148,393,185,494
620,328,1091,625,1186,754
620,407,1798,450,1841,549
620,413,1867,988,1917,1079
620,260,314,722,369,841
621,287,262,950,358,1080
621,350,409,627,469,750
621,221,870,756,942,883
621,302,136,395,173,495
621,328,1088,628,1173,755
621,407,1780,450,1823,549
621,413,1861,982,1914,1079
621,260,306,722,365,842
621,296,710,547,747,657
621,325,241,687,319,815
621,274,354,427,393,512
622,287,241,954,328,1080
622,350,398,628,462,751
622,221,868,754,950,882
622,302,125,398,161,497
622,328,1112,629,1161,753
622,407,1763,451,1805,550
622,413,1865,980,1915,1079
622,260,298,722,363,845
622,296,704,544,743,656
622,325,229,687,307,815
622,274,345,428,382,513
623,287,228,957,309,1080
623,350,395,629,458,751
623,221,870,754,957,882
623,302,120,398,155,497
623,328,1115,629,1158,752
623,407,1756,451,1797,550
623,413,1871,978,1919,1080
623,260,297,722,365,847
623,296,700,542,745,654
623,325,224,687,301,815
623,274,340,429,377,514
624,287,209,957,300,1080
624,350,388,633,450,751
624,221,878,753,951,880
624,302,109,399,145,498
624,328,1110,627,1156,753
624,407,1742,451,1783,550
624,413,1866,977,1918,1079
624,260,292,721,367,849
624,296,693,540,744,645
624,325,213,687,290,815
624,274,332,429,368,515
625,287,191,957,291,1080
625,350,384,635,444,752
625,221,890,754,951,880
625,302,101,401,136,499
625,328,1110,625,1158,755
625,407,1730,451,1770,550
625,413,1873,976,1919,1080
625,260,294,723,372,849
625,296,690,538,745,641
625,325,205,686,279,814
625,274,325,429,360,516
626,287,179,956,285,1080
626,350,386,636,439,752
626,221,896,753,955,880
626,302,97,402,131,498
626,328,1112,624,1163,754
626,407,1726,451,1765,549
626,260,314,724,375,851
626,296,690,537,748,639
626,325,202,685,274,813
626,274,322,427,357,516
626,420,1126,623,1160,711
627,287,162,955,278,1079
627,350,389,637,432,753
627,221,901,748,958,879
627,302,92,401,126,499
627,328,1110,624,1168,752
627,407,1719,451,1758,550
627,260,314,727,373,854
627,296,694,536,744,640
627,325,197,685,262,812
627,274,317,422,353,515
628,350,394,637,429,753
628,221,908,744,961,879
628,302,89,401,122,500
628,328,1111,622,1180,749
628,407,1716,450,1753,549
628,296,701,534,744,639
628,325,192,684,251,811
628,274,313,419,349,513
629,350,397,636,429,753
629,221,913,741,964,879
629,302,87,401,120,500
629,328,1112,621,1189,747
629,407,1714,450,1751,549
629,296,706,533,746,639
629,325,190,683,244,810
629,274,312,417,348,512
629,287,140,955,257,1079
629,260,330,732,376,854
630,350,398,635,429,754
630,221,920,737,975,867
630,302,83,401,117,500
630,328,1115,621,1198,746
630,407,1710,450,1747,549
630,296,710,531,750,638
630,325,185,682,238,809
630,274,309,415,345,509
630,287,126,958,212,1080
630,260,338,734,381,854
631,350,397,634,430,755
631,221,926,735,987,856
631,328,1121,625,1203,749
631,407,1705,451,1742,549
631,296,713,528,751,638
631,325,181,683,232,810
631,274,305,417,341,508
631,287,109,963,182,1080
631,260,337,733,388,855
632,350,395,633,433,755
632,221,930,734,999,853
632,407,1703,451,1740,550
632,296,715,527,753,637
632,325,176,684,229,810
632,287,97,967,183,1080
632,260,337,734,394,856
632,302,76,403,110,503
633,350,391,635,439,756
633,221,938,733,1002,853
633,407,1698,452,1735,550
633,325,168,684,224,811
633,287,80,969,154,1080
633,260,336,739,400,857
633,302,71,404,105,505
633,328,1138,630,1203,753
633,274,300,420,335,508
634,350,388,637,443,757
634,221,946,734,1003,854
634,407,1694,453,1731,550
634,325,162,685,219,811
634,287,69,991,129,1080
634,260,337,738,411,857
634,302,67,405,100,508
634,328,1150,630,1204,753
634,274,296,420,332,509
634,296,719,523,761,625
635,350,389,639,446,758
635,221,952,734,1006,854
635,407,1690,453,1729,550
635,325,160,685,216,811
635,287,53,976,119,1080
635,260,337,737,418,858
635,302,65,406,97,509
635,328,1160,629,1207,754
635,274,294,420,330,508
635,427,1554,553,1569,565
635,296,721,522,763,622
636,350,388,642,445,759
636,221,957,733,1008,856
636,407,1686,454,1725,551
636,325,157,684,211,812
636,287,38,984,106,1080
636,260,340,733,423,861
636,302,60,407,93,510
636,328,1167,628,1213,755
636,274,289,419,324,508
636,296,722,522,764,623
637,350,383,645,443,762
637,221,963,730,1011,857
637,407,1680,455,1721,552
637,325,152,684,206,812
637,287,20,976,90,1080
637,260,347,744,424,865
637,302,57,409,89,511
637,328,1172,627,1222,754
637,274,286,418,321,509
637,296,726,523,764,624
638,350,381,646,442,763
638,221,968,727,1015,857
638,407,1679,456,1720,552
638,325,150,685,203,812
638,287,10,983,79,1080
638,260,354,751,426,867
638,302,55,411,87,512
638,328,1173,626,1227,755
638,274,284,418,319,510
638,296,730,523,765,625
638,428,1566,553,1583,565
639,221,973,725,1020,854
639,325,148,685,199,811
639,260,365,747,434,868
639,302,51,412,83,513
639,328,1173,625,1232,756
639,274,281,417,315,511
639,296,733,524,767,625
640,221,974,722,1027,851
640,325,145,684,195,812
640,260,379,748,434,870
640,328,1175,626,1245,755
640,274,277,417,311,509
640,296,736,523,769,626
640,407,1671,460,1713,555
641,221,975,720,1033,847
641,325,144,684,192,811
641,260,388,748,436,871
641,328,1178,627,1253,755
641,274,274,418,310,508
641,296,738,521,772,626
641,430,1582,557,1598,568
641,407,1670,461,1711,555
641,350,387,647,427,758
641,302,44,414,77,514
642,221,980,718,1040,839
642,325,140,684,189,811
642,260,392,750,444,871
642,328,1183,629,1262,756
642,296,740,517,775,623
642,407,1666,462,1708,556
642,302,41,415,75,514
643,221,985,718,1045,838
643,325,138,684,186,811
643,260,394,748,454,874
643,328,1189,633,1265,757
643,296,741,515,779,616
643,407,1663,463,1705,557
643,302,38,415,72,515
643,274,268,420,303,509
643,350,393,648,430,763
644,221,990,719,1049,838
644,325,136,685,184,812
644,260,395,748,461,874
644,328,1194,634,1265,758
644,296,743,514,784,612
644,407,1662,463,1704,557
644,302,36,416,71,515
644,274,267,421,302,509
644,350,394,648,432,768
645,221,995,719,1054,838
645,325,134,684,180,811
645,260,396,747,473,876
645,328,1200,636,1265,759
645,296,744,513,787,610
645,407,1659,462,1702,557
645,302,33,417,67,517
645,274,264,420,299,509
645,350,394,649,434,769
646,221,1000,717,1058,838
646,325,133,684,177,810
646,260,400,747,483,878
646,328,1212,635,1269,759
646,296,747,512,789,611
646,407,1657,462,1700,557
646,302,30,418,65,518
646,274,262,420,297,509
646,350,395,650,436,769
647,221,1003,715,1060,838
647,325,132,684,175,810
647,260,404,750,489,880
647,328,1222,634,1275,758
647,296,751,511,790,610
647,407,1656,462,1699,557
647,302,28,419,65,519
647,274,260,419,296,509
647,350,396,650,438,770
648,221,1002,710,1059,837
648,325,130,685,172,809
648,260,427,754,492,881
648,328,1232,631,1283,758
648,296,757,510,791,610
648,407,1655,463,1698,558
648,302,26,420,63,520
648,274,257,417,293,508
648,350,396,651,444,770
649,221,1002,707,1060,830
649,325,128,684,169,810
649,260,437,758,492,882
649,328,1239,629,1284,757
649,296,761,507,794,609
649,407,1652,463,1696,558
649,302,24,419,60,520
649,274,255,415,289,509
649,350,395,651,448,772
650,221,1003,704,1062,827
650,325,127,683,167,810
650,260,447,760,494,883
650,328,1242,627,1287,756
650,296,763,505,797,609
650,407,1651,463,1696,558
650,302,22,419,59,521
650,274,254,415,287,509
650,350,395,652,452,773
650,437,256,414,286,509
651,221,1004,701,1064,820
651,325,124,683,165,811
651,260,459,761,501,882
651,328,1244,627,1296,756
651,296,765,502,799,607
651,407,1641,463,1694,558
651,302,20,419,57,521
651,274,252,413,285,507
651,350,394,653,453,775
652,221,1007,699,1067,814
652,325,121,684,162,811
652,260,464,762,509,883
652,328,1247,625,1308,753
652,296,768,500,802,599
652,407,1638,463,1692,558
652,302,18,420,55,523
652,274,248,413,282,504
652,350,393,653,453,776
653,221,1009,699,1071,812
653,325,120,684,161,810
653,260,466,763,515,884
653,328,1248,624,1315,752
653,296,770,498,805,595
653,407,1636,463,1692,558
653,302,17,421,53,523
653,274,247,412,281,501
653,350,392,653,454,777
654,221,1010,698,1080,815
654,325,117,684,159,807
654,260,466,761,523,885
654,328,1253,626,1323,750
654,296,773,496,810,591
654,407,1633,462,1691,559
654,302,14,422,50,524
654,274,244,413,279,501
654,350,393,653,452,777
655,221,1015,695,1087,816
655,325,114,683,158,804
655,260,467,759,534,887
655,328,1258,628,1326,751
655,296,776,496,814,592
655,407,1644,462,1691,558
655,302,10,422,48,525
655,274,241,414,277,502
655,350,397,653,449,777
656,221,1020,693,1090,817
656,325,112,682,157,803
656,260,469,758,544,888
656,328,1264,630,1326,752
656,296,780,495,817,593
656,407,1650,461,1690,557
656,302,9,422,47,525
656,274,240,414,276,502
656,350,399,654,448,777
657,221,1025,690,1092,814
657,325,111,680,156,803
657,260,472,759,553,891
657,328,1274,631,1328,754
657,296,784,495,820,593
657,407,1653,461,1690,558
657,302,8,422,45,525
657,350,406,654,448,777
658,221,1029,686,1092,814
658,325,109,677,156,802
658,260,480,762,563,894
658,328,1285,632,1333,755
658,296,791,494,828,593
658,407,1655,461,1689,558
658,302,7,422,44,525
658,350,413,655,448,779
659,221,1033,684,1093,813
659,325,108,675,155,802
659,260,489,764,568,896
659,328,1295,630,1336,754
659,296,795,493,831,592
659,407,1656,461,1689,558
659,302,7,422,44,525
659,350,417,655,448,780
660,325,107,675,154,801
660,260,503,769,573,898
660,328,1307,629,1345,754
660,296,800,491,835,591
660,407,1657,461,1690,559
660,302,6,422,43,526
660,350,420,656,450,782
660,274,236,410,270,502
661,325,105,674,153,801
661,260,518,772,577,898
661,328,1313,626,1354,753
661,296,804,489,840,589
661,407,1657,461,1691,560
661,302,6,422,42,526
661,350,424,657,455,784
661,274,235,409,269,500
661,221,1040,679,1101,796
662,325,103,673,152,801
662,260,529,774,580,898
662,328,1316,625,1359,753
662,296,807,487,844,584
662,407,1657,461,1691,560
662,302,6,422,41,526
662,350,425,658,458,784
662,274,235,408,268,500
662,221,1043,678,1103,791
663,325,101,673,151,799
663,260,542,773,591,898
663,328,1319,622,1369,752
663,296,809,486,848,578
663,407,1658,461,1692,560
663,302,6,422,40,526
663,350,425,658,467,784
663,274,233,407,267,497
663,221,1047,677,1109,791
664,325,99,674,149,797
664,260,546,772,606,901
664,328,1321,621,1380,751
664,296,811,484,852,574
664,407,1657,461,1693,560
664,302,5,422,39,527
664,350,425,660,475,785
664,274,231,406,265,495
664,221,1050,675,1115,792
665,325,97,675,148,796
665,260,549,772,614,903
665,328,1323,620,1387,750
665,296,813,482,855,574
665,407,1657,461,1693,561
665,302,5,422,39,527
665,350,425,661,480,786
665,274,229,407,264,494
665,221,1053,673,1117,792
666,325,96,675,144,796
666,260,551,772,627,907
666,328,1328,624,1394,750
666,296,816,481,861,575
666,407,1657,461,1693,562
666,302,4,424,38,528
666,350,425,662,482,788
666,274,227,408,262,494
666,221,1055,672,1117,792
666,441,228,408,261,494
667,325,95,674,141,796
667,260,558,773,640,909
667,328,1332,630,1396,751
667,296,823,482,862,576
667,407,1657,462,1694,563
667,302,3,426,37,529
667,350,425,663,482,790
667,274,225,410,259,495
667,221,1058,671,1116,793
667,441,226,410,259,495
668,325,94,673,139,797
668,260,565,775,648,911
668,328,1335,631,1399,751
668,296,827,482,862,577
668,407,1657,463,1694,564
668,302,2,427,36,529
668,350,425,664,482,792
668,274,224,411,258,495
668,221,1060,669,1117,791
668,441,225,411,258,496
669,325,93,671,137,798
669,260,575,780,657,916
669,328,1344,632,1403,751
669,296,831,481,865,578
669,407,1656,464,1695,564
669,302,2,428,36,530
669,350,428,666,482,793
669,274,223,410,256,495
669,221,1064,668,1120,785
669,441,224,411,256,496
669,443,1618,553,1634,563
669,444,2,430,35,531
670,325,92,669,135,799
670,260,589,784,664,919
670,328,1354,630,1408,751
670,296,836,479,868,577
670,407,1654,465,1696,565
670,302,1,429,35,531
670,350,433,667,482,795
670,274,221,409,255,497
670,221,1068,666,1124,777
670,443,1618,554,1635,565
670,444,2,431,35,532
670,445,836,479,868,578
671,325,91,668,134,799
671,260,612,787,669,920
671,328,1361,629,1410,752
671,296,839,477,872,577
671,407,1653,466,1698,566
671,302,1,430,35,533
671,350,437,668,483,795
671,274,220,408,254,498
671,221,1071,666,1127,773
671,443,1619,554,1635,566
671,444,2,431,35,534
672,325,91,668,134,798
672,260,627,790,677,922
672,328,1369,627,1411,755
672,296,843,476,877,574
672,407,1653,468,1700,567
672,302,1,431,35,535
672,350,444,669,486,796
672,274,218,406,254,497
672,221,1078,665,1133,774
672,443,1620,555,1635,566
673,325,91,669,135,795
673,260,635,792,688,923
673,328,1376,625,1418,756
673,296,847,475,883,569
673,407,1652,469,1703,569
673,302,2,432,36,536
673,350,453,669,491,797
673,274,218,405,253,497
673,221,1086,664,1139,777
673,443,1622,557,1636,568
674,325,91,669,135,794
674,260,639,792,698,922
674,328,1381,623,1421,755
674,296,850,474,886,566
674,407,1652,469,1704,569
674,302,2,432,36,537
674,350,458,670,494,798
674,274,217,405,253,495
674,221,1091,664,1143,777
674,443,1623,557,1637,568
675,325,91,671,136,793
675,260,643,791,707,925
675,328,1386,623,1434,754
675,296,855,475,893,564
675,407,1651,471,1707,570
675,302,3,433,37,539
675,350,462,672,500,798
675,274,216,404,253,492
675,221,1098,662,1147,779
675,443,1624,557,1638,569
676,325,92,672,137,792
676,260,647,791,718,927
676,328,1390,623,1441,752
676,296,860,475,896,565
676,407,1635,473,1708,571
676,302,3,433,38,540
676,350,466,673,506,799
676,274,216,405,252,492
676,221,1103,659,1147,780
677,325,92,672,137,792
677,260,649,790,729,928
677,328,1395,623,1445,751
677,296,863,475,898,566
677,407,1627,474,1709,572
677,302,4,434,38,540
677,350,467,674,512,800
677,274,216,405,251,492
677,221,1106,657,1148,777
678,325,93,672,137,792
678,260,656,792,741,932
678,328,1400,626,1449,750
678,296,869,475,902,567
678,407,1625,476,1711,573
678,302,4,435,38,540
678,350,468,676,520,801
678,274,215,407,250,492
678,221,1110,655,1152,769
678,446,870,475,900,561
679,325,93,671,136,792
679,260,667,796,750,935
679,328,1406,628,1451,750
679,407,1625,478,1712,574
679,302,4,435,39,541
679,350,469,676,529,803
679,274,214,407,249,494
679,221,1114,653,1158,765
680,325,93,669,136,792
680,260,688,799,754,937
680,328,1409,629,1452,750
680,407,1626,478,1713,575
680,302,4,435,39,541
680,350,469,677,533,803
680,274,214,407,248,494
680,221,1116,652,1162,764
681,325,92,666,134,792
681,260,713,803,758,940
681,328,1415,630,1458,750
681,407,1627,478,1713,575
681,302,4,435,39,541
681,350,469,678,537,805
681,274,212,407,246,493
681,221,1120,652,1169,764
681,296,883,470,917,566
682,325,92,663,133,790
682,260,722,807,769,941
682,328,1418,629,1462,750
682,407,1628,481,1712,576
682,302,3,435,39,541
682,350,470,679,540,806
682,274,211,406,245,493
682,221,1125,651,1178,764
682,296,886,467,922,563
683,325,91,662,132,790
683,260,725,808,779,941
683,328,1419,627,1465,750
683,407,1628,482,1711,576
683,302,3,435,39,542
683,350,471,680,542,807
683,274,209,404,245,492
683,221,1128,650,1184,764
683,296,888,466,925,561
684,325,90,662,131,789
684,260,731,809,788,941
684,328,1425,625,1469,751
684,407,1630,483,1706,575
684,302,2,436,38,542
684,350,475,680,542,808
684,274,208,403,242,491
684,221,1133,648,1190,765
684,296,891,465,929,555
685,325,87,662,130,786
685,260,734,806,798,944
685,328,1430,624,1472,750
685,407,1631,483,1697,576
685,302,2,436,38,543
685,350,480,680,542,808
685,274,207,402,240,488
685,221,1137,644,1192,764
685,296,893,464,931,553
686,325,85,663,129,784
686,260,738,806,804,946
686,328,1432,623,1475,750
686,407,1631,484,1689,576
686,302,1,437,37,543
686,350,484,680,541,808
686,221,1139,642,1194,765
686,296,894,464,933,553
686,449,894,464,931,553
687,325,84,664,129,784
687,260,743,805,819,948
687,328,1437,623,1481,750
687,407,1634,484,1687,576
687,302,1,437,37,544
687,350,493,680,541,808
687,221,1144,640,1198,753
687,296,901,464,934,552
688,325,82,664,128,784
688,260,749,806,834,952
688,328,1440,624,1486,750
688,407,1628,485,1688,576
688,302,1,438,37,545
688,350,502,681,541,809
688,221,1150,639,1204,746
688,296,908,463,938,550
688,450,0,816,29,941
688,274,200,403,237,487
689,325,81,664,127,784
689,260,759,807,844,955
689,328,1443,624,1490,751
689,407,1631,484,1688,574
689,302,0,438,37,545
689,350,508,681,542,810
689,221,1153,637,1207,740
689,450,0,817,28,940
689,274,199,403,237,487
690,325,80,662,126,784
690,260,770,812,850,957
690,328,1447,625,1493,752
690,407,1624,484,1690,574
690,302,0,439,37,546
690,350,513,682,545,811
690,221,1159,637,1211,741
690,450,0,817,27,941
690,274,198,404,235,488
691,325,82,660,126,785
691,260,786,818,858,960
691,328,1452,627,1497,752
691,407,1619,484,1691,576
691,302,1,439,37,547
691,350,516,682,551,813
691,221,1167,636,1216,744
691,450,0,806,27,942
691,274,197,404,234,488
691,296,916,460,951,551
692,325,82,657,126,785
692,260,794,819,866,961
692,328,1454,627,1499,752
692,407,1616,484,1692,577
692,302,1,440,37,548
692,350,518,682,556,813
692,221,1172,636,1218,744
692,450,0,802,27,942
692,274,196,403,232,488
692,452,808,819,865,960
692,296,919,460,953,549
693,325,83,655,127,785
693,328,1459,626,1502,751
693,407,1617,484,1694,578
693,302,2,440,38,549
693,350,521,683,568,813
693,221,1181,635,1223,745
693,450,0,805,32,942
693,274,195,401,231,488
693,452,814,821,869,959
693,296,923,458,959,547
694,325,83,654,127,782
694,328,1463,624,1505,750
694,407,1619,484,1695,578
694,302,2,441,39,549
694,350,525,684,577,813
694,221,1189,630,1229,747
694,450,0,801,37,943
694,274,195,399,230,488
694,296,930,458,965,546
694,260,823,821,882,962
695,325,84,654,128,779
695,328,1465,623,1506,749
695,407,1621,483,1696,578
695,302,2,441,39,549
695,350,526,684,581,814
695,221,1195,628,1232,748
695,450,0,799,42,943
695,274,194,398,228,487
695,296,934,457,968,545
695,260,832,821,886,960
696,325,85,653,130,777
696,328,1468,622,1509,747
696,407,1626,482,1697,578
696,302,3,440,40,549
696,350,528,685,586,814
696,221,1200,623,1238,744
696,450,0,797,48,943
696,274,194,398,227,484
696,296,940,456,972,532
696,260,839,819,900,960
697,325,86,654,132,775
697,328,1472,621,1514,746
697,407,1630,480,1699,577
697,302,4,440,41,550
697,350,531,686,588,814
697,221,1207,620,1246,731
697,450,4,796,56,943
697,274,195,397,225,481
697,296,947,453,976,523
697,260,849,819,917,959
698,325,88,654,133,774
698,328,1474,620,1518,745
698,407,1636,478,1701,577
698,302,5,439,41,550
698,350,534,686,588,814
698,221,1211,619,1253,727
698,450,7,796,62,943
698,274,195,396,225,481
698,296,952,452,979,521
698,260,856,819,927,960
699,325,92,654,136,773
699,328,1480,618,1523,746
699,407,1649,477,1705,578
699,302,7,439,43,550
699,350,538,687,590,814
699,221,1219,618,1264,723
699,450,13,795,77,943
699,274,196,394,224,480
699,296,959,451,984,517
699,260,869,822,932,963
700,325,95,652,139,771
700,328,1484,619,1528,746
700,407,1658,477,1711,577
700,302,8,439,45,550
700,350,543,686,592,814
700,221,1227,618,1275,722
700,450,16,795,88,943
700,274,197,394,223,480
700,296,965,450,991,518
700,260,884,826,940,963
701,325,97,650,141,770
701,328,1486,619,1530,746
701,407,1663,477,1714,578
701,302,9,439,47,550
701,350,546,686,593,814
701,221,1231,618,1281,723
701,450,18,794,95,943
701,274,198,393,222,481
701,296,968,450,994,524
701,260,892,829,948,963
702,325,100,647,144,770
702,328,1491,620,1535,747
702,407,1674,477,1720,578
702,302,10,439,49,550
702,350,551,686,598,815
702,221,1238,619,1290,723
702,450,21,794,99,943
702,274,198,393,223,480
702,296,976,452,1002,533
702,260,905,831,962,967
703,325,103,645,147,770
703,328,1495,620,1539,748
703,407,1682,477,1725,579
703,302,15,440,52,550
703,350,556,686,603,815
703,221,1246,618,1297,724
703,450,25,795,103,942
703,274,199,392,226,479
703,296,982,450,1008,537
703,260,919,831,979,970
704,325,105,644,149,769
704,328,1498,621,1541,749
704,407,1687,477,1728,580
704,302,17,441,54,550
704,350,559,685,604,814
704,221,1250,616,1300,725
704,450,29,795,105,942
704,274,200,391,228,478
704,296,986,449,1012,538
704,260,926,831,992,973
705,325,109,641,152,766
705,328,1503,620,1546,746
705,407,1691,477,1736,581
705,302,21,440,57,550
705,350,565,685,608,815
705,221,1256,612,1303,725
705,450,37,794,109,942
705,274,200,388,232,478
705,296,993,447,1020,540
705,260,935,831,1014,976
706,325,111,639,156,762
706,328,1510,619,1553,745
706,407,1696,477,1747,582
706,302,26,440,60,550
706,350,570,686,614,815
706,221,1262,609,1308,726
706,450,47,794,114,938
706,274,201,386,236,475
706,296,1000,446,1026,541
706,260,944,831,1028,977
706,465,999,447,1027,539
707,325,113,639,158,760
707,328,1512,619,1556,745
707,407,1700,476,1754,583
707,302,29,439,61,549
707,350,573,686,618,814
707,221,1266,606,1310,725
707,450,55,793,117,936
707,274,202,386,238,474
707,296,1005,444,1035,539
707,260,950,832,1035,978
708,325,117,639,163,758
708,328,1519,617,1562,742
708,407,1708,476,1764,582
708,302,33,439,66,548
708,350,580,685,623,815
708,221,1272,603,1315,717
708,450,67,792,122,935
708,296,1011,444,1046,536
708,260,959,836,1042,981
709,325,121,639,167,757
709,328,1527,615,1570,741
709,407,1716,476,1776,583
709,302,39,439,72,548
709,350,586,684,632,815
709,221,1278,604,1323,710
709,450,81,790,128,934
709,296,1020,443,1053,534
709,260,973,837,1050,981
709,465,1019,443,1049,532
710,325,123,639,169,757
710,328,1530,613,1572,741
710,407,1721,476,1782,583
710,302,42,439,75,547
710,350,589,684,638,815
710,221,1281,605,1326,706
710,450,89,790,132,934
710,296,1024,443,1058,533
710,260,984,837,1055,980
711,325,130,636,174,755
711,328,1538,612,1580,739
711,407,1729,475,1790,583
711,302,48,438,81,546
711,350,595,683,644,815
711,221,1287,605,1337,705
711,450,98,788,141,934
711,296,1032,441,1066,532
711,260,1005,835,1063,979
711,274,216,385,247,471
711,465,1032,440,1062,531
712,325,136,632,180,756
712,407,1739,475,1798,582
712,302,54,437,86,546
712,350,601,683,652,815
712,221,1293,605,1346,705
712,450,108,787,154,933
712,296,1040,438,1075,530
712,260,1027,834,1075,978
713,325,140,629,182,755
713,407,1743,474,1802,582
713,302,57,437,89,546
713,350,605,683,656,815
713,221,1295,606,1351,704
713,450,113,787,162,931
713,296,1044,436,1079,529
713,260,1038,832,1082,980
713,328,1550,610,1592,737
714,325,148,626,189,752
714,407,1757,474,1812,581
714,302,63,436,94,545
714,350,610,682,667,815
714,221,1302,604,1358,703
714,450,123,786,171,931
714,296,1053,433,1086,528
714,260,1052,833,1094,982
714,328,1558,609,1600,737
714,274,227,381,258,469
715,325,154,624,197,751
715,407,1772,473,1822,581
715,302,69,436,101,544
715,350,616,682,680,815
715,221,1310,600,1366,703
715,450,132,785,180,930
715,296,1061,431,1094,527
715,260,1066,834,1112,984
715,328,1566,609,1609,737
715,274,233,379,263,468
716,325,158,623,200,749
716,407,1782,473,1827,581
716,302,72,436,105,545
716,350,618,682,679,815
716,221,1313,597,1369,704
716,450,138,785,189,928
716,296,1065,430,1099,525
716,260,1073,836,1122,985
716,328,1569,609,1613,736
716,274,234,379,266,467
717,325,165,622,208,744
717,407,1799,473,1839,580
717,350,623,682,683,815
717,221,1320,593,1377,704
717,450,148,784,195,928
717,296,1073,429,1108,523
717,260,1086,840,1142,988
717,328,1579,609,1623,736
717,274,239,378,272,464
718,325,173,622,216,739
718,407,1815,472,1851,581
718,350,626,682,690,814
718,221,1326,588,1380,702
718,450,157,783,200,926
718,296,1082,427,1119,520
718,260,1099,844,1161,991
718,328,1588,608,1632,736
718,274,244,375,279,463
718,302,86,434,119,544
719,325,178,622,220,737
719,407,1823,472,1857,582
719,350,628,682,691,814
719,221,1329,586,1381,699
719,450,162,782,208,925
719,296,1087,427,1124,519
719,260,1105,848,1173,993
719,328,1593,608,1637,737
719,274,247,374,282,462
719,302,90,434,123,544
720,325,187,622,230,736
720,407,1836,472,1869,582
720,350,634,681,698,814
720,221,1334,584,1386,687
720,450,173,781,218,923
720,296,1097,427,1140,519
720,260,1124,853,1191,998
720,328,1601,608,1646,735
720,274,254,376,289,461
720,302,97,433,132,543
721,325,197,619,240,734
721,407,1849,470,1884,582
721,350,640,680,705,814
721,221,1337,585,1394,681
721,450,184,780,227,920
721,296,1106,428,1151,517
721,260,1140,856,1208,1002
721,328,1611,609,1657,734
721,274,262,373,296,460
721,302,105,432,141,542
722,325,201,619,245,734
722,407,1857,469,1892,581
722,350,642,679,707,814
722,221,1338,587,1395,681
722,450,190,779,230,920
722,296,1111,429,1159,516
722,260,1145,858,1218,1003
722,328,1612,608,1662,734
722,274,265,372,299,459
723,325,212,614,255,733
723,407,1869,470,1907,581
723,350,650,679,717,813
723,221,1346,587,1404,681
723,450,200,778,243,918
723,296,1121,429,1172,515
723,260,1156,860,1231,1004
723,328,1613,607,1672,732
723,274,273,372,307,460
723,302,118,431,156,541
724,325,223,611,265,731
724,407,1881,470,1920,582
724,350,658,678,729,813
724,221,1358,585,1415,680
724,450,211,775,255,917
724,296,1132,430,1183,515
724,260,1173,859,1244,1006
724,328,1616,606,1684,731
724,274,282,370,316,458
724,302,128,430,165,540
725,325,228,609,269,729
725,407,1887,469,1920,582
725,350,662,678,734,812
725,221,1363,581,1420,679
725,450,218,774,261,916
725,296,1136,430,1188,514
725,260,1183,859,1249,1006
725,328,1617,605,1689,730
725,274,286,370,320,458
725,302,132,430,170,538
726,325,239,606,280,725
726,350,674,678,744,812
726,221,1373,577,1430,680
726,450,229,772,274,913
726,296,1145,429,1198,513
726,260,1203,857,1258,1005
726,328,1630,603,1700,729
726,274,297,368,330,455
727,325,250,604,291,721
727,350,684,678,752,812
727,221,1379,574,1440,681
727,450,241,770,288,912
727,296,1153,429,1207,512
727,260,1219,855,1269,1006
727,328,1657,602,1712,728
727,274,307,367,340,452
727,302,153,428,187,537
728,325,254,604,295,719
728,350,690,679,759,812
728,221,1381,572,1444,677
728,450,247,771,295,912
728,296,1153,428,1211,510
728,260,1229,854,1275,1007
728,328,1671,603,1718,728
728,274,312,368,344,450
728,302,157,428,190,538
729,325,264,604,306,718
729,350,699,681,768,813
729,221,1386,570,1450,673
729,450,259,770,308,912
729,296,1158,429,1220,509
729,260,1246,853,1292,1007
729,328,1654,602,1729,729
729,274,322,368,355,449
729,302,167,428,198,537
730,325,272,604,316,717
730,350,709,682,774,813
730,221,1390,570,1457,670
730,450,271,768,319,912
730,296,1164,429,1236,510
730,260,1262,855,1315,1009
730,274,332,368,365,448
730,302,177,428,208,537
731,325,277,604,320,717
731,350,714,682,775,813
731,221,1390,569,1457,670
731,450,277,769,325,912
731,296,1166,428,1241,517
731,260,1272,857,1328,1010
731,274,336,368,370,448
731,302,182,427,213,536
731,328,1662,603,1746,730
732,325,287,604,330,716
732,350,723,681,779,812
732,221,1392,569,1461,668
732,450,289,768,337,912
732,296,1176,428,1249,518
732,260,1289,860,1349,1013
732,274,346,368,379,446
732,302,192,427,222,534
732,328,1696,604,1758,729
733,325,296,600,341,716
733,350,733,681,783,812
733,221,1396,569,1462,668
733,450,301,767,351,911
733,296,1186,425,1258,518
733,260,1303,864,1369,1017
733,274,357,367,388,446
733,302,201,427,232,533
734,325,301,600,344,715
734,350,736,681,783,813
734,221,1396,569,1458,669
734,450,306,768,357,912
734,260,1310,866,1380,1020
734,274,362,365,392,445
734,302,205,427,237,533
734,328,1722,605,1775,729
735,325,311,596,353,714
735,350,743,681,786,813
735,221,1400,568,1461,670
735,450,318,768,364,911
735,260,1322,868,1394,1021
735,274,371,361,401,446
735,302,212,427,248,533
735,328,1706,605,1786,729
736,325,320,593,361,712
736,350,750,681,790,813
736,221,1405,563,1466,671
736,450,327,768,373,911
736,260,1331,871,1406,1024
736,274,380,359,410,442
736,302,221,428,257,535
736,328,1708,603,1796,728
737,325,324,591,365,710
737,350,752,681,792,813
737,221,1407,560,1467,672
737,450,332,767,381,911
737,260,1336,873,1411,1025
737,274,384,359,413,441
737,302,223,427,261,535
737,328,1709,603,1800,730
737,488,1207,419,1244,484
738,325,331,591,373,709
738,350,758,681,798,813
738,221,1411,558,1472,670
738,450,340,767,388,911
738,260,1346,874,1421,1026
738,274,392,357,421,441
738,302,230,427,271,535
738,488,1215,420,1249,482
739,325,339,589,381,706
739,350,763,683,806,812
739,221,1415,557,1477,664
739,450,351,767,396,911
739,260,1358,873,1431,1027
739,274,399,358,430,439
739,302,239,427,280,534
739,488,1221,421,1253,483
739,328,1725,601,1816,727
740,325,344,589,385,706
740,350,764,684,809,811
740,221,1416,555,1478,660
740,450,355,766,401,911
740,260,1367,873,1437,1028
740,274,404,358,435,439
740,302,243,427,285,534
740,488,1223,421,1253,483
740,328,1757,601,1820,727
741,325,354,589,395,704
741,350,765,685,822,813
741,221,1421,556,1478,658
741,450,365,766,413,910
741,260,1388,874,1447,1029
741,302,254,427,296,533
741,488,1228,417,1263,483
741,328,1745,598,1829,726
742,325,365,590,407,702
742,350,767,686,831,813
742,221,1426,558,1477,658
742,450,377,766,422,911
742,260,1406,876,1459,1031
742,302,263,427,306,534
742,488,1232,415,1282,490
742,328,1775,599,1840,727
742,274,422,356,454,439
743,325,371,590,411,702
743,350,765,687,836,814
743,221,1429,560,1473,658
743,450,383,766,427,910
743,260,1415,876,1466,1032
743,302,267,427,309,534
743,488,1233,414,1288,491
743,328,1788,599,1844,727
744,325,383,590,423,701
744,350,772,687,848,814
744,221,1436,560,1475,659
744,450,395,766,442,910
744,260,1427,877,1481,1032
744,302,279,427,318,534
744,488,1238,414,1297,493
744,328,1774,599,1855,727
745,325,394,586,435,699
745,350,780,686,860,813
745,221,1440,557,1483,659
745,450,408,765,452,909
745,260,1436,878,1501,1033
745,302,290,426,328,533
745,328,1779,599,1865,727
745,274,449,352,481,438
746,325,400,583,440,697
746,350,785,686,864,813
746,221,1440,556,1488,659
746,450,413,765,457,909
746,260,1443,879,1512,1034
746,302,295,426,331,533
746,328,1782,598,1870,726
746,274,455,352,485,437
747,325,410,581,450,694
747,350,795,685,872,813
747,221,1444,555,1497,660
747,450,423,765,468,908
747,260,1452,881,1531,1036
747,302,305,427,340,533
747,328,1790,598,1881,725
747,274,466,351,496,434
748,325,419,576,459,689
748,350,806,682,875,810
748,221,1446,552,1502,658
748,450,434,763,479,905
748,260,1463,882,1547,1038
748,302,315,424,348,529
748,328,1799,597,1890,724
748,274,476,350,506,432
749,325,423,574,463,685
749,350,811,680,875,809
749,221,1445,548,1505,656
749,450,440,763,483,904
749,260,1469,883,1557,1040
749,302,319,423,351,528
749,328,1803,597,1894,724
749,274,481,350,510,430
749,491,1258,411,1285,483
750,325,432,573,472,684
750,350,820,678,876,808
750,221,1449,545,1510,651
750,450,450,761,494,903
750,260,1480,883,1570,1040
750,302,328,422,360,525
750,328,1815,596,1903,723
750,274,491,349,520,428
750,491,1260,406,1296,490
751,325,440,571,481,682
751,350,828,677,875,807
751,221,1452,545,1514,649
751,450,461,760,503,902
751,260,1492,885,1581,1039
751,328,1822,595,1912,722
751,274,500,348,529,427
751,491,1261,404,1305,492
752,325,442,571,484,681
752,350,830,676,871,806
752,221,1451,545,1513,647
752,450,464,759,508,902
752,260,1500,886,1585,1041
752,328,1826,594,1917,722
752,274,504,345,533,425
752,491,1259,403,1308,492
752,302,337,420,371,524
753,325,450,570,493,679
753,350,834,675,872,805
753,221,1453,545,1512,645
753,450,474,757,517,900
753,260,1515,885,1599,1040
753,328,1835,594,1920,719
753,274,513,344,542,423
753,491,1261,401,1315,491
753,302,345,418,380,524
754,325,459,569,502,678
754,350,838,674,879,804
754,221,1453,544,1508,645
754,450,484,756,528,898
754,260,1537,883,1612,1038
754,328,1850,592,1920,715
754,274,523,341,551,421
754,491,1264,399,1322,489
754,302,353,416,389,523
755,325,463,567,506,678
755,350,839,675,883,804
755,221,1451,542,1502,645
755,450,491,755,535,897
755,260,1551,883,1617,1038
755,328,1880,592,1920,714
755,274,528,340,556,421
755,491,1264,397,1323,487
755,302,357,416,395,523
756,325,474,562,515,676
756,350,838,675,894,803
756,221,1455,540,1501,645
756,450,502,754,546,896
756,260,1572,883,1631,1039
756,328,1896,591,1920,711
756,274,538,338,567,418
756,491,1268,397,1325,487
756,302,367,415,408,521
757,325,486,559,526,674
757,350,838,674,906,802
757,221,1458,536,1506,642
757,450,514,752,558,894
757,260,1593,882,1646,1039
757,274,550,336,578,415
757,491,1275,396,1325,486
757,302,378,413,420,520
758,325,491,557,531,671
758,350,837,675,912,802
758,221,1460,534,1510,644
758,450,521,752,564,893
758,260,1602,883,1656,1039
758,274,554,336,585,414
758,491,1277,397,1322,486
758,302,384,413,426,520
759,325,503,555,543,667
759,350,843,675,924,801
759,221,1466,533,1517,642
759,450,534,751,577,893
759,260,1620,882,1672,1039
759,274,567,335,597,413
759,491,1282,397,1323,485
759,302,397,413,441,518
760,325,514,553,554,665
760,350,850,674,934,801
760,221,1467,533,1522,638
760,450,545,750,589,891
760,260,1632,883,1690,1040
760,274,577,335,608,412
760,491,1285,397,1329,485
760,302,408,412,452,518
761,325,519,552,558,663
761,350,854,673,936,801
761,221,1464,533,1523,636
761,450,550,750,593,891
761,260,1641,884,1700,1041
761,274,582,335,613,411
761,491,1285,398,1332,485
761,302,413,412,456,518
761,501,1255,478,1269,491
762,325,528,550,568,660
762,350,863,671,942,800
762,221,1465,534,1525,635
762,450,560,748,605,889
762,260,1652,884,1716,1041
762,274,591,336,623,409
762,491,1287,400,1338,484
762,302,422,411,465,515
763,325,537,553,576,660
763,350,873,669,943,798
763,221,1466,534,1521,635
763,450,570,748,612,888
763,260,1660,884,1730,1043
763,274,600,334,631,408
763,491,1286,397,1341,481
763,302,432,411,470,515
764,325,542,553,579,659
764,350,877,669,941,798
764,221,1464,534,1512,636
764,450,574,747,616,887
764,260,1664,886,1735,1045
764,274,601,332,633,409
764,491,1285,396,1340,480
764,302,435,410,471,515
765,325,549,551,587,656
765,350,886,667,940,798
765,221,1466,533,1511,637
765,450,581,746,624,886
765,260,1671,885,1741,1045
765,274,608,331,639,408
765,302,442,408,474,514
766,325,556,548,595,655
766,350,893,665,935,796
766,221,1465,530,1512,635
766,450,590,745,632,885
766,260,1676,887,1749,1045
766,274,614,327,645,406
766,302,449,406,477,514
766,491,1287,394,1333,480
767,325,559,546,598,654
767,350,895,664,930,796
767,221,1464,529,1513,637
767,450,593,745,636,885
767,260,1680,887,1754,1045
767,274,616,325,647,406
767,302,452,406,478,513
767,503,0,699,39,843
767,491,1287,391,1326,480
768,325,567,542,605,652
768,350,896,664,930,795
768,221,1462,528,1514,634
768,450,602,745,642,884
768,260,1687,888,1760,1045
768,302,459,405,485,512
768,503,2,697,36,842
768,491,1285,390,1323,481
769,325,574,541,611,650
769,350,896,666,935,795
769,221,1458,527,1515,635
769,450,609,745,650,884
769,260,1695,889,1767,1047
769,503,1,693,47,841
769,491,1283,390,1323,481
769,274,629,326,659,404
770,325,577,540,613,649
770,350,892,667,938,795
770,221,1454,526,1513,636
770,450,613,744,653,885
770,260,1701,889,1771,1046
770,503,0,692,49,842
770,491,1280,390,1320,481
770,274,632,325,661,404
771,325,583,537,621,647
771,350,889,668,947,795
771,221,1452,526,1514,636
771,450,621,745,662,884
771,260,1711,890,1778,1047
771,503,1,690,63,842
771,274,638,327,669,404
771,302,471,406,502,512
772,325,589,539,627,646
772,350,886,673,955,796
772,221,1452,536,1511,636
772,450,629,745,670,885
772,260,1722,890,1787,1049
772,503,3,689,72,841
772,274,645,330,675,404
772,302,476,407,510,513
773,325,592,540,630,646
773,350,884,675,958,797
773,221,1451,535,1507,636
773,450,633,747,673,885
773,260,1731,891,1790,1051
773,503,5,689,78,841
773,274,647,331,678,404
773,302,478,407,512,513
773,491,1279,392,1311,485
774,325,599,541,637,648
774,350,887,677,965,799
774,221,1451,535,1499,638
774,450,642,747,682,886
774,260,1742,892,1799,1053
774,503,11,690,84,841
774,274,654,331,685,405
774,302,486,409,520,513
774,491,1268,396,1313,486
775,325,604,543,644,649
775,350,892,678,971,801
775,221,1451,534,1497,639
775,450,650,749,691,887
775,260,1753,895,1808,1056
775,503,15,692,94,841
775,274,660,332,694,407
775,302,494,412,530,515
775,491,1263,398,1319,487
776,325,606,543,646,650
776,350,895,678,973,802
776,221,1449,533,1498,640
776,450,654,749,695,888
776,260,1760,896,1813,1058
776,503,15,693,96,842
776,274,662,332,697,408
776,302,497,413,535,516
776,491,1258,398,1321,489
777,325,614,544,653,650
777,350,901,677,975,802
777,221,1450,533,1502,638
777,450,663,750,704,889
777,260,1772,899,1821,1061
777,503,22,693,104,842
777,302,504,413,543,517
777,491,1262,398,1325,490
778,325,622,542,660,650
778,350,911,677,975,803
778,221,1449,532,1506,637
778,450,672,750,712,889
778,260,1784,901,1831,1064
778,503,30,694,109,842
778,302,512,415,552,519
778,491,1270,398,1326,488
779,325,625,539,664,649
779,350,916,677,972,804
779,221,1446,532,1506,636
779,450,675,750,717,889
779,260,1789,903,1835,1067
779,503,33,694,113,843
779,302,516,415,554,518
779,491,1273,398,1323,487
779,506,1278,397,1309,485
779,274,676,333,716,409
780,325,634,537,672,647
780,350,925,678,971,803
780,221,1444,533,1508,637
780,450,685,751,727,890
780,260,1800,904,1845,1070
780,503,42,694,120,841
780,302,524,416,563,519
780,491,1277,398,1322,488
781,325,642,535,681,646
781,350,931,678,968,806
781,221,1448,536,1510,637
781,450,695,752,736,891
781,260,1811,906,1855,1075
781,503,48,693,126,840
781,302,532,417,570,519
781,491,1279,401,1318,490
782,325,646,536,685,645
782,350,932,679,968,808
782,221,1448,538,1509,637
782,450,700,752,740,892
782,260,1817,909,1862,1079
782,503,52,692,128,840
782,302,537,417,571,520
782,491,1277,402,1313,491
782,510,0,399,19,494
782,274,695,332,729,410
783,325,657,538,697,645
783,350,936,680,977,809
783,221,1453,541,1509,638
783,450,710,754,752,893
783,260,1830,912,1873,1080
783,503,61,692,141,840
783,302,546,419,579,521
783,491,1278,406,1322,493
783,510,3,400,30,492
783,274,705,334,736,411
784,325,668,542,708,646
784,350,935,683,987,811
784,221,1458,543,1505,644
784,450,722,755,765,895
784,260,1843,917,1884,1080
784,503,73,691,150,840
784,302,556,421,588,523
784,491,1278,408,1331,495
784,274,714,335,742,412
785,325,673,544,714,646
785,350,932,685,993,812
785,221,1459,544,1500,645
785,450,728,756,769,897
785,260,1849,919,1891,1080
785,503,76,691,157,840
785,491,1275,409,1335,496
785,274,718,335,746,412
785,510,11,397,45,493
786,325,686,545,725,648
786,350,933,688,1004,814
786,221,1463,544,1508,645
786,450,740,758,781,896
786,260,1858,923,1902,1080
786,503,87,691,169,840
786,491,1278,411,1342,496
786,274,728,335,755,412
786,510,20,397,55,493
786,302,572,422,602,525
787,325,698,544,736,649
787,350,937,690,1017,815
787,221,1466,542,1515,646
787,450,752,760,794,898
787,260,1871,927,1917,1080
787,503,96,691,184,840
787,491,1282,411,1325,499
787,274,738,336,763,413
787,510,31,396,66,491
787,302,581,422,611,527
788,325,704,544,740,649
788,350,938,691,1021,816
788,221,1465,541,1518,647
788,450,757,760,799,899
788,260,1878,929,1920,1080
788,503,101,691,188,839
788,491,1282,411,1315,500
788,274,742,337,767,412
788,510,36,395,71,490
788,302,585,422,616,527
789,325,715,543,751,648
789,350,947,692,1031,818
789,221,1470,541,1525,646
789,450,770,761,811,899
789,260,1888,931,1920,1059
789,503,112,691,200,839
789,491,1286,413,1327,499
789,274,752,338,777,413
789,510,47,395,83,488
789,302,595,423,627,527
790,325,727,542,762,647
790,350,959,692,1037,820
790,221,1470,543,1532,646
790,450,782,762,825,901
790,503,123,692,208,839
790,491,1289,415,1331,500
790,274,761,339,788,413
790,510,58,397,96,488
790,302,604,424,639,528
790,520,2,475,35,570
791,325,731,540,767,646
791,350,967,692,1038,820
791,221,1470,545,1533,647
791,450,788,763,831,902
791,503,128,693,215,839
791,491,1288,416,1335,501
791,274,763,340,796,413
791,510,63,397,100,488
791,302,608,425,645,529
791,520,2,475,41,571
791,521,1248,487,1262,499
792,325,743,540,779,645
792,350,981,694,1042,822
792,221,1480,548,1539,650
792,450,801,765,845,903
792,503,139,694,229,840
792,491,1291,417,1345,502
792,274,770,342,810,414
792,510,76,398,113,489
792,302,619,427,658,529
792,520,6,472,52,569
793,325,754,541,790,645
793,350,993,695,1045,823
793,221,1485,551,1543,652
793,450,813,766,861,904
793,503,150,696,240,842
793,491,1293,418,1353,502
793,274,779,343,825,416
793,510,86,397,124,490
793,302,630,428,672,531
793,520,14,473,63,568
794,325,760,542,797,645
794,350,998,696,1043,824
794,221,1484,552,1542,655
794,450,820,766,865,904
794,503,155,696,246,843
794,491,1292,418,1354,501
794,274,783,343,831,416
794,510,91,396,129,491
794,302,636,430,678,531
794,520,17,473,66,567
795,325,771,544,810,646
795,350,1006,697,1046,826
795,221,1489,553,1538,656
795,450,833,767,880,906
795,503,168,696,257,841
795,491,1297,419,1356,501
795,274,794,345,844,417
795,510,103,394,141,490
795,302,648,430,691,530
795,520,26,474,77,566
796,325,783,546,823,648
796,350,1011,699,1055,827
796,221,1495,553,1546,658
796,450,846,768,897,907
796,503,180,696,268,842
796,491,1302,419,1352,503
796,274,807,345,856,418
796,510,116,394,152,488
796,302,660,430,702,531
796,520,40,477,91,568
797,325,788,545,828,649
797,350,1014,700,1061,827
797,221,1496,552,1550,658
797,450,852,768,900,908
797,503,186,695,274,841
797,491,1303,418,1347,504
797,274,813,346,861,417
797,510,122,394,157,488
797,302,666,429,707,531
797,520,42,479,96,568
797,525,1273,493,1286,504
798,325,801,545,842,648
798,350,1018,702,1077,828
798,221,1508,552,1563,657
798,450,866,769,914,909
798,503,201,694,288,839
798,491,1307,417,1352,506
798,274,825,346,872,416
798,302,679,428,719,530
798,520,55,480,105,568
799,325,814,544,855,648
799,350,1022,705,1093,830
799,221,1516,550,1576,654
799,450,880,769,931,910
799,503,215,693,298,836
799,491,1311,417,1365,507
799,274,835,346,882,416
799,302,692,426,730,531
799,520,69,480,117,565
799,510,152,393,186,485
800,325,821,543,861,647
800,350,1022,705,1100,830
800,221,1517,548,1581,654
800,450,887,771,938,910
800,503,221,691,305,835
800,491,1308,418,1370,506
800,302,700,425,735,531
800,520,74,480,123,564
800,510,159,392,192,485
801,325,836,541,876,646
801,350,1032,708,1116,831
801,221,1528,549,1592,655
801,450,900,770,957,911
801,503,237,690,317,834
801,491,1303,417,1382,507
801,302,713,424,747,532
801,520,89,478,138,564
801,274,857,344,894,416
802,325,850,540,891,645
802,350,1045,708,1132,834
802,221,1543,551,1602,656
802,450,913,772,972,912
802,503,254,688,325,833
802,491,1307,420,1390,509
802,302,727,424,760,532
802,520,105,476,151,562
802,274,871,345,907,417
802,510,192,390,224,480
803,325,857,539,898,644
803,350,1052,708,1139,835
803,221,1549,553,1604,657
803,450,920,773,980,914
803,503,264,688,329,833
803,491,1308,421,1390,510
803,302,734,425,767,531
803,520,112,476,156,561
803,274,876,344,914,417
804,325,873,541,914,643
804,350,1069,708,1152,836
804,221,1563,555,1611,660
804,450,937,775,997,916
804,503,281,688,338,834
804,491,1321,421,1388,512
804,302,749,426,782,532
804,520,129,477,168,562
804,274,891,343,929,417
804,510,216,391,250,480
805,325,890,542,930,644
805,350,1087,708,1161,838
805,221,1572,558,1613,662
805,450,953,778,1015,919
805,503,296,689,348,835
805,491,1332,423,1384,513
805,302,764,427,796,533
805,520,146,478,181,562
805,274,904,344,944,417
806,325,897,544,938,645
806,350,1097,708,1163,839
806,221,1575,558,1619,664
806,450,960,779,1024,919
806,503,303,690,354,835
806,491,1336,424,1381,514
806,302,769,429,802,533
806,520,155,477,187,562
806,274,910,345,950,417
807,325,913,545,954,645
807,350,1116,710,1169,841
807,221,1585,558,1634,661
807,450,976,780,1040,920
807,503,318,692,368,834
807,491,1345,424,1390,512
807,302,780,430,818,534
807,520,171,477,200,561
807,274,924,347,963,417
808,325,929,545,969,646
808,350,1133,710,1173,842
808,221,1595,557,1649,662
808,450,990,780,1057,922
808,503,332,692,382,835
808,491,1349,422,1396,513
808,302,790,433,832,534
808,520,186,473,215,560
808,274,937,348,972,418
808,510,271,391,308,478
809,325,936,545,975,646
809,350,1137,711,1173,842
809,221,1598,557,1655,663
809,450,996,780,1064,922
809,503,337,692,390,835
809,491,1348,422,1397,512
809,302,794,433,840,534
809,510,279,391,316,478
810,325,951,543,989,647
810,350,1148,711,1185,844
810,221,1606,557,1667,661
810,450,1010,780,1076,922
810,503,350,692,405,836
810,491,1355,423,1405,511
810,302,806,434,855,533
810,510,291,392,334,477
810,520,203,470,233,553
810,274,953,348,989,420
811,325,963,544,1002,645
811,350,1150,711,1200,845
811,221,1612,557,1676,661
811,450,1021,780,1086,922
811,503,360,691,417,837
811,491,1363,423,1409,512
811,302,817,434,868,533
811,510,302,392,351,473
811,520,212,467,249,552
811,274,964,347,1000,418
812,325,968,543,1008,643
812,350,1147,712,1207,846
812,221,1616,556,1677,660
812,450,1025,780,1088,922
812,503,364,691,423,837
812,491,1366,425,1410,511
812,302,822,433,875,534
812,510,309,394,356,472
812,520,217,467,254,550
812,274,967,346,1007,418
813,325,979,539,1021,642
813,350,1149,712,1219,847
813,221,1627,557,1685,662
813,450,1036,780,1095,922
813,503,373,691,434,834
813,491,1373,424,1416,513
813,302,835,432,889,533
813,510,322,394,370,470
813,274,977,345,1018,416
814,325,989,538,1033,640
814,350,1152,712,1232,847
814,221,1631,559,1690,663
814,450,1045,781,1101,923
814,503,379,691,444,832
814,491,1374,423,1421,510
814,302,846,431,899,533
814,510,333,394,379,467
814,274,981,342,1027,416
814,520,236,463,273,547
815,325,992,536,1038,639
815,350,1154,713,1238,848
815,221,1630,560,1687,663
815,450,1049,781,1104,924
815,503,381,691,447,830
815,491,1371,421,1422,510
815,302,850,431,904,532
815,510,337,394,383,467
815,274,984,341,1031,415
815,533,1,576,30,677
815,520,243,462,275,545
816,325,1002,540,1049,639
816,350,1163,715,1250,849
816,221,1633,560,1682,666
816,450,1057,782,1114,925
816,503,388,691,453,829
816,491,1375,419,1429,511
816,302,860,431,912,531
816,510,347,393,392,467
816,274,991,340,1040,414
816,533,3,577,38,664
816,520,246,458,286,544
817,325,1012,540,1061,639
817,350,1174,717,1260,852
817,221,1635,559,1689,668
817,450,1067,785,1125,927
817,503,395,690,459,829
817,491,1379,416,1438,511
817,302,870,429,918,531
817,510,357,394,401,467
817,274,1001,340,1036,414
817,533,3,569,45,666
817,520,256,456,298,541
818,325,1016,540,1065,640
818,350,1180,717,1265,853
818,221,1640,560,1694,667
818,450,1072,787,1130,927
818,503,398,689,461,829
818,491,1381,414,1444,511
818,302,875,428,920,531
818,274,1005,341,1048,414
818,533,0,568,46,669
818,520,261,456,304,538
819,325,1028,542,1077,640
819,350,1196,718,1276,855
819,221,1648,558,1707,668
819,450,1083,789,1143,928
819,503,409,687,469,830
819,491,1391,414,1460,510
819,302,886,426,928,531
819,274,1017,340,1058,414
819,533,3,568,52,670
819,520,275,455,318,537
820,325,1039,540,1087,642
820,350,1214,719,1283,856
820,221,1660,558,1721,668
820,450,1093,793,1157,930
820,503,418,685,478,829
820,491,1402,411,1476,506
820,302,897,425,936,531
820,274,1028,340,1064,414
820,533,10,566,58,670
820,520,290,454,329,537
820,510,391,390,428,469
821,325,1045,538,1090,643
821,350,1224,720,1283,857
821,221,1662,558,1726,666
821,450,1098,796,1164,931
821,503,423,684,483,828
821,491,1408,410,1484,504
821,302,902,423,939,532
821,274,1032,339,1065,414
821,533,14,566,60,671
821,520,297,455,334,538
821,510,398,389,432,470
822,325,1057,537,1104,643
822,350,1239,721,1286,859
822,221,1670,559,1734,667
822,450,1109,798,1180,934
822,503,433,682,494,826
822,491,1420,409,1479,505
822,302,914,423,950,532
822,533,23,563,69,671
822,520,310,455,348,540
822,510,413,388,445,469
823,325,1069,537,1116,643
823,350,1250,722,1290,861
823,221,1682,560,1743,667
823,450,1120,800,1195,935
823,503,444,681,505,824
823,302,926,423,962,531
823,533,34,560,79,665
823,520,325,452,362,538
823,510,426,388,460,467
823,538,327,453,360,537
824,325,1073,535,1121,640
824,350,1253,723,1293,862
824,221,1689,562,1747,669
824,450,1125,802,1203,936
824,503,450,680,510,822
824,302,931,424,966,530
824,533,38,558,86,666
824,510,434,386,467,466
824,491,1438,412,1487,511
825,325,1085,535,1134,639
825,350,1260,725,1306,864
825,221,1700,565,1752,670
825,450,1137,804,1217,938
825,503,463,682,522,822
825,302,944,426,987,530
825,533,49,557,98,665
825,510,448,384,481,466
825,491,1454,415,1498,514
826,325,1098,536,1147,640
826,350,1268,727,1321,865
826,221,1710,567,1753,673
826,450,1147,806,1228,937
826,503,475,685,529,821
826,302,956,427,996,533
826,533,60,557,110,664
826,274,1073,339,1125,415
827,325,1103,538,1151,640
827,350,1268,729,1329,867
827,221,1712,566,1754,674
827,450,1151,806,1230,937
827,503,480,686,530,821
827,302,958,429,1001,533
827,533,65,557,116,662
827,274,1076,340,1130,415
827,520,370,444,409,526
827,538,372,449,407,524
827,510,471,383,505,463
827,491,1473,419,1537,517
828,325,1119,539,1163,640
828,350,1275,731,1347,869
828,221,1721,566,1770,675
828,450,1162,808,1241,939
828,503,495,687,542,823
828,302,968,432,1017,534
828,533,77,556,125,663
828,274,1089,341,1144,416
828,520,387,439,425,525
828,538,389,441,423,523
828,510,487,381,521,463
828,491,1485,420,1549,519
829,325,1135,539,1175,642
829,350,1283,735,1367,871
829,221,1730,565,1785,675
829,450,1172,811,1247,940
829,503,507,688,558,825
829,302,979,439,1033,534
829,533,89,557,134,664
829,520,403,437,442,525
829,491,1496,420,1555,520
830,325,1142,539,1180,643
830,350,1287,735,1376,872
830,221,1733,564,1792,676
830,450,1175,811,1248,941
830,503,511,689,566,826
830,302,983,436,1042,534
830,533,95,558,138,664
830,520,412,435,449,524
830,491,1501,420,1554,520
830,541,1,554,20,660
830,538,414,437,448,523
830,510,512,381,545,463
831,325,1156,539,1196,644
831,350,1302,736,1394,874
831,221,1744,563,1808,674
831,450,1187,813,1261,942
831,503,521,687,582,827
831,302,996,436,1058,535
831,533,108,557,150,664
831,491,1514,420,1565,519
831,541,6,557,36,661
832,325,1170,540,1213,644
832,350,1319,738,1409,875
832,221,1751,564,1821,675
832,450,1198,812,1277,946
832,503,532,684,597,827
832,302,1012,435,1072,534
832,533,120,554,162,662
832,491,1525,420,1580,516
832,541,11,553,52,662
832,274,1136,316,1177,417
832,538,450,430,486,516
832,510,545,384,579,462
833,325,1177,536,1221,643
833,350,1328,738,1414,876
833,221,1753,565,1826,676
833,450,1201,812,1284,947
833,503,535,681,604,826
833,302,1020,435,1080,534
833,533,126,552,169,661
833,491,1530,421,1587,514
833,541,11,550,60,661
833,274,1141,314,1182,418
834,325,1190,536,1239,642
834,350,1348,737,1424,877
834,221,1770,566,1838,673
834,450,1212,812,1299,947
834,503,546,680,617,823
834,302,1037,434,1092,533
834,533,139,551,185,661
834,491,1541,424,1604,515
834,541,21,549,76,661
834,274,1155,314,1197,418
835,325,1203,535,1255,641
835,350,1366,737,1432,878
835,221,1782,568,1844,677
835,450,1222,812,1312,947
835,503,555,679,628,820
835,302,1051,434,1102,534
835,533,151,548,199,659
835,491,1547,426,1615,518
835,541,34,549,93,660
835,274,1167,313,1212,417
835,510,586,381,622,460
836,325,1208,534,1261,640
836,350,1375,737,1432,879
836,221,1785,569,1845,679
836,450,1225,813,1318,947
836,503,559,679,632,815
836,302,1055,433,1105,534
836,533,155,548,204,656
836,541,40,548,100,661
836,274,1171,316,1216,417
836,510,596,381,629,460
836,538,505,423,540,511
837,325,1219,534,1275,639
837,350,1391,737,1436,879
837,221,1792,568,1846,681
837,450,1235,813,1328,948
837,503,568,679,641,813
837,302,1068,431,1112,534
837,533,166,547,218,654
837,541,56,548,113,659
837,274,1181,320,1229,415
837,510,613,378,645,460
837,538,522,422,556,510
838,325,1230,536,1285,639
838,350,1403,738,1442,881
838,221,1800,566,1854,683
838,450,1247,815,1336,949
838,503,574,682,647,814
838,302,1079,427,1119,534
838,533,175,546,228,652
838,541,70,547,123,657
838,274,1189,326,1240,414
838,510,629,373,660,460
838,538,536,419,572,508
838,491,1579,430,1613,517
839,325,1234,535,1287,639
839,350,1406,739,1448,883
839,221,1801,565,1858,682
839,450,1250,815,1336,950
839,503,575,683,647,815
839,302,1083,426,1119,534
839,533,179,547,231,652
839,541,77,545,125,657
839,274,1193,327,1243,414
839,510,635,372,668,460
839,538,542,418,581,505
839,491,1583,432,1626,519
840,325,1245,536,1295,640
840,350,1412,741,1464,884
840,221,1809,563,1872,685
840,450,1261,814,1340,951
840,503,580,682,650,815
840,302,1094,423,1130,533
840,533,189,547,237,653
840,541,89,546,135,657
840,538,558,414,598,501
840,491,1594,429,1633,521
841,325,1255,535,1302,641
841,350,1413,742,1480,887
841,221,1820,562,1884,681
841,450,1270,813,1342,954
841,503,587,679,652,818
841,302,1105,422,1144,533
841,533,198,546,244,654
841,541,101,544,144,657
841,538,574,413,613,498
841,491,1603,427,1644,522
841,274,1221,331,1255,415
841,510,668,370,699,461
842,325,1260,535,1304,643
842,350,1412,743,1487,889
842,221,1821,563,1889,679
842,450,1275,813,1344,955
842,503,589,678,651,819
842,302,1110,420,1148,532
842,533,203,546,246,654
842,541,107,544,149,658
842,538,582,413,620,495
842,491,1605,427,1650,523
842,274,1229,334,1256,415
842,510,676,369,705,462
843,325,1271,532,1315,644
843,350,1419,747,1504,890
843,221,1828,564,1898,679
843,450,1284,812,1356,957
843,503,599,676,658,823
843,302,1121,422,1160,530
843,533,213,544,254,654
843,541,118,544,158,659
843,538,596,413,636,494
843,491,1614,425,1665,525
843,274,1239,333,1265,417
843,510,692,369,720,461
844,325,1280,530,1327,644
844,350,1426,749,1517,892
844,221,1836,566,1906,683
844,450,1293,810,1367,958
844,503,606,673,664,822
844,302,1130,423,1170,529
844,533,221,541,261,653
844,541,127,544,167,659
844,538,609,414,651,495
844,491,1616,423,1677,525
844,274,1248,334,1277,418
844,510,706,370,734,460
845,325,1282,530,1330,643
845,350,1429,750,1523,894
845,221,1842,567,1907,683
845,450,1296,810,1370,958
845,503,606,671,666,822
845,302,1133,424,1174,528
845,533,223,540,263,651
845,541,130,545,170,660
845,538,615,414,658,495
845,491,1613,425,1682,526
845,274,1250,334,1282,418
845,510,713,370,741,460
846,325,1290,529,1340,642
846,350,1441,751,1533,895
846,221,1852,570,1908,684
846,450,1301,808,1378,959
846,503,610,670,671,820
846,302,1142,424,1181,529
846,533,229,537,269,650
846,541,138,545,178,660
846,538,625,411,672,494
846,491,1616,425,1691,527
846,274,1254,333,1295,419
847,325,1296,529,1347,641
847,350,1452,751,1538,898
847,221,1858,571,1903,686
847,450,1305,809,1383,959
847,503,614,669,674,818
847,302,1149,424,1184,530
847,533,233,537,274,648
847,541,142,545,184,660
847,538,637,407,686,492
847,510,733,372,766,460
848,325,1298,528,1349,641
848,350,1459,752,1539,898
848,221,1858,571,1897,687
848,450,1306,810,1383,960
848,503,614,669,674,819
848,302,1151,425,1185,529
848,533,234,537,275,648
848,541,142,545,186,660
848,538,644,405,694,490
848,510,737,373,770,460
848,491,1626,427,1696,526
848,274,1258,330,1306,418
849,325,1305,530,1353,641
849,350,1471,752,1540,901
849,221,1860,570,1905,688
849,450,1311,813,1383,961
849,503,618,672,675,818
849,302,1157,424,1189,529
849,533,238,538,280,646
849,541,149,545,191,661
849,538,654,403,707,486
849,552,102,320,138,401
849,491,1639,427,1696,527
849,274,1265,331,1312,417
850,325,1311,532,1354,645
850,350,1484,754,1538,903
850,221,1861,568,1915,688
850,450,1314,816,1378,964
850,503,622,675,673,820
850,302,1162,423,1196,532
850,533,241,539,283,647
850,541,153,546,196,662
850,538,669,402,719,482
850,491,1648,427,1695,529
850,510,754,373,791,461
851,325,1314,533,1352,645
851,350,1489,755,1534,905
851,221,1859,567,1917,689
851,450,1314,816,1372,966
851,503,622,677,668,820
851,302,1164,422,1200,534
851,533,240,539,284,647
851,541,154,546,198,662
851,538,678,400,725,482
851,491,1651,427,1692,530
851,556,279,250,309,322
851,510,757,373,793,461
852,325,1318,533,1355,646
852,350,1494,756,1532,907
852,221,1860,567,1920,687
852,450,1316,818,1370,967
852,503,622,678,666,822
852,302,1169,422,1208,534
852,533,241,539,287,648
852,541,157,546,202,664
852,538,693,401,733,483
852,491,1656,425,1690,531
852,510,764,374,799,463
852,552,113,320,150,403
852,274,1284,333,1315,417
853,325,1322,533,1358,646
853,350,1497,757,1536,909
853,221,1861,568,1920,685
853,450,1315,818,1375,970
853,503,620,677,665,825
853,302,1172,420,1213,534
853,533,244,538,289,648
853,541,162,546,205,664
853,538,704,400,743,483
853,491,1659,425,1694,533
853,510,772,374,804,463
853,557,0,701,27,796
853,274,1288,332,1314,418
854,325,1322,533,1360,648
854,350,1495,758,1539,909
854,221,1859,569,1918,686
854,450,1314,817,1377,971
854,503,617,676,665,827
854,302,1172,419,1217,533
854,533,245,537,290,648
854,541,164,545,206,663
854,538,710,400,750,485
854,491,1658,424,1696,534
854,510,776,374,807,463
854,274,1289,331,1315,418
854,552,119,323,156,402
855,325,1326,533,1367,650
855,350,1489,762,1548,912
855,221,1860,571,1913,691
855,450,1313,818,1382,973
855,503,616,674,667,830
855,302,1175,420,1222,532
855,533,248,535,291,649
855,541,168,546,209,664
855,538,719,400,760,481
855,491,1653,424,1704,534
855,510,783,376,814,464
855,274,1292,332,1319,418
855,552,123,324,159,403
855,557,0,702,31,832
856,325,1328,533,1373,652
856,350,1484,765,1558,916
856,221,1865,576,1918,694
856,450,1305,819,1386,975
856,503,615,673,670,832
856,302,1178,423,1227,532
856,533,250,533,292,650
856,538,728,400,772,480
856,491,1648,424,1710,534
856,510,790,378,821,466
856,552,126,324,163,404
856,557,0,706,34,831
857,325,1327,533,1375,652
857,350,1480,767,1562,918
857,221,1863,578,1917,695
857,450,1299,820,1386,976
857,503,613,671,671,831
857,302,1179,424,1228,532
857,533,251,533,292,649
857,538,733,401,780,480
857,491,1643,425,1712,534
857,510,793,379,825,467
857,552,128,326,164,404
857,557,0,708,35,827
857,541,172,547,212,667
858,325,1327,533,1381,652
858,350,1480,769,1570,921
858,221,1862,580,1909,699
858,450,1301,824,1387,978
858,503,610,671,673,828
858,302,1182,426,1230,534
858,533,251,534,294,648
858,491,1643,428,1717,536
858,510,793,382,832,474
858,552,132,326,167,404
858,557,0,710,38,831
858,541,174,548,214,669
858,556,309,252,339,323
858,274,1287,342,1326,420
859,325,1328,535,1383,651
859,350,1482,773,1576,925
859,221,1858,580,1904,702
859,450,1305,828,1384,982
859,503,603,673,673,828
859,302,1182,428,1229,536
859,533,251,535,295,647
859,491,1646,431,1715,540
859,510,798,386,837,478
859,557,0,711,39,836
859,541,174,550,214,671
859,274,1284,344,1329,420
859,538,755,406,805,483
860,325,1328,537,1383,651
860,350,1483,774,1577,926
860,221,1855,579,1902,703
860,450,1306,829,1379,982
860,503,598,674,673,827
860,302,1181,428,1226,538
860,533,250,537,294,647
860,491,1649,434,1712,542
860,510,802,388,841,479
860,557,0,710,39,838
860,541,173,552,213,671
860,274,1280,344,1329,421
860,538,761,405,811,483
860,552,136,329,172,407
861,325,1329,539,1383,653
861,350,1488,775,1579,930
861,221,1855,578,1904,705
861,450,1305,832,1371,987
861,503,598,677,671,828
861,302,1181,428,1223,540
861,533,248,539,293,648
861,491,1656,436,1708,543
861,510,808,389,847,478
861,557,0,708,38,837
861,541,172,554,213,673
861,274,1279,348,1330,424
861,538,771,408,814,483
861,552,138,330,173,408
862,325,1328,541,1377,654
862,350,1492,776,1577,932
862,221,1853,578,1904,706
862,450,1301,833,1359,990
862,503,596,682,665,830
862,302,1181,427,1221,541
862,533,247,541,292,650
862,491,1662,437,1704,543
862,510,810,389,854,481
862,557,0,706,40,837
862,541,166,555,213,675
862,274,1279,352,1331,427
862,538,779,407,817,483
862,556,317,260,346,326
863,325,1326,541,1372,656
863,350,1494,777,1573,933
863,221,1849,578,1903,704
863,450,1296,832,1352,991
863,503,594,683,657,831
863,302,1180,426,1219,542
863,533,245,541,290,651
863,491,1662,437,1699,543
863,510,811,390,858,483
863,557,0,705,40,835
863,541,162,556,212,675
863,274,1279,356,1330,428
863,538,784,406,822,484
863,552,140,331,177,409
864,325,1326,542,1367,658
864,350,1499,778,1568,935
864,221,1839,578,1903,705
864,450,1289,831,1350,994
864,503,588,684,649,833
864,302,1180,426,1219,543
864,533,243,541,288,652
864,491,1662,437,1698,546
864,510,818,389,862,484
864,557,0,705,40,834
864,541,160,558,210,677
864,274,1282,361,1331,430
864,538,788,404,827,486
865,325,1325,543,1365,660
865,350,1504,781,1558,937
865,221,1830,581,1901,708
865,450,1285,831,1348,998
865,503,582,684,639,837
865,302,1177,426,1219,543
865,533,240,540,285,655
865,491,1661,437,1697,547
865,510,830,389,864,484
865,557,0,706,39,834
865,541,160,560,206,680
865,552,135,331,180,411
866,325,1323,542,1364,660
866,350,1504,782,1551,939
866,221,1827,583,1896,710
866,450,1282,831,1346,999
866,503,579,682,633,838
866,302,1176,426,1218,543
866,533,239,539,284,655
866,491,1657,437,1696,547
866,510,835,390,865,485
866,557,0,707,38,829
866,541,158,561,204,682
866,552,134,333,181,412
866,538,793,397,832,486
867,325,1319,542,1361,661
867,350,1500,783,1544,943
867,221,1827,586,1889,713
867,450,1272,833,1344,1001
867,503,574,681,626,841
867,302,1173,427,1217,544
867,533,237,538,281,655
867,491,1651,438,1695,548
867,510,837,392,866,487
867,557,0,709,34,828
867,541,155,562,200,683
867,538,795,395,832,485
868,325,1313,542,1357,660
868,350,1492,786,1540,944
868,221,1823,587,1876,714
868,450,1262,835,1339,1002
868,503,567,678,618,842
868,302,1163,429,1212,544
868,533,232,538,275,655
868,491,1643,439,1693,550
868,510,838,393,866,488
868,557,0,711,30,826
868,541,149,562,193,685
868,538,796,394,832,485
868,274,1287,359,1337,433
868,552,134,333,180,414
869,325,1309,542,1353,659
869,350,1486,787,1537,945
869,221,1820,587,1863,715
869,450,1258,838,1335,1003
869,503,562,677,613,841
869,302,1162,429,1208,544
869,533,228,537,272,654
869,491,1639,440,1691,552
869,510,838,393,867,489
869,557,0,712,28,825
869,541,146,562,189,684
869,538,797,393,831,484
869,274,1287,357,1338,433
870,325,1305,546,1350,659
870,350,1470,789,1537,948
870,221,1813,587,1854,716
870,450,1254,842,1325,1003
870,503,554,677,605,839
870,302,1160,430,1201,544
870,533,223,538,267,655
870,491,1639,444,1690,554
870,510,840,394,868,491
870,557,0,713,25,825
870,541,141,563,182,684
870,538,797,393,832,483
870,274,1287,354,1341,432
871,325,1302,547,1344,659
871,350,1456,791,1536,950
871,221,1803,586,1851,719
871,450,1250,844,1312,1005
871,503,546,678,598,836
871,302,1156,431,1193,544
871,533,218,540,263,654
871,491,1639,447,1688,555
871,557,0,711,22,819
871,541,134,563,175,685
871,274,1287,352,1345,432
872,325,1300,548,1340,660
872,350,1449,793,1536,951
872,221,1797,585,1849,720
872,450,1246,845,1303,1006
872,503,542,679,592,835
872,302,1153,430,1188,545
872,533,215,541,260,653
872,491,1639,448,1687,555
872,557,0,710,19,817
872,541,129,564,171,685
872,274,1287,350,1347,432
872,510,842,395,869,494
873,325,1296,551,1335,661
873,350,1443,795,1537,954
873,221,1790,584,1848,722
873,450,1239,846,1290,1008
873,503,536,683,586,835
873,302,1150,430,1184,546
873,533,210,543,256,653
873,491,1639,448,1686,557
873,541,123,564,165,687
873,274,1288,352,1350,433
873,510,842,396,872,495
874,325,1291,553,1328,664
874,350,1440,797,1537,956
874,221,1778,584,1846,719
874,450,1231,847,1282,1010
874,503,528,686,579,838
874,302,1144,429,1181,548
874,533,204,545,252,656
874,491,1638,447,1685,557
874,541,116,564,159,689
874,274,1293,353,1353,434
874,510,843,397,875,498
875,325,1287,552,1323,665
875,350,1437,798,1535,958
875,221,1768,584,1842,715
875,450,1225,846,1279,1012
875,503,524,687,573,839
875,302,1140,428,1178,548
875,533,200,545,250,657
875,491,1634,447,1684,557
875,541,111,565,156,691
875,510,844,398,876,500
876,325,1281,552,1317,666
876,350,1436,799,1531,961
876,221,1755,586,1836,715
876,450,1210,846,1275,1015
876,503,515,689,564,840
876,302,1133,428,1176,549
876,533,194,545,243,658
876,491,1631,447,1682,557
876,510,843,399,874,502
877,325,1274,550,1313,667
877,350,1434,800,1522,962
877,221,1745,588,1824,717
877,450,1191,846,1269,1016
877,503,504,687,553,843
877,302,1122,427,1173,549
877,533,187,543,235,660
877,491,1628,446,1679,555
877,510,842,400,871,502
877,552,123,338,162,419
877,538,799,402,832,484
877,274,1310,351,1360,435
877,541,95,567,141,694
878,325,1268,548,1309,668
878,350,1432,800,1514,963
878,221,1741,590,1815,718
878,450,1178,847,1264,1015
878,503,496,687,545,844
878,302,1112,428,1170,550
878,533,182,541,229,661
878,491,1625,446,1677,553
878,510,842,400,869,504
878,571,842,400,868,503
878,538,797,403,830,485
878,274,1315,349,1362,437
878,541,89,569,135,694
879,325,1256,549,1303,668
879,350,1428,802,1501,966
879,221,1736,592,1801,720
879,450,1166,849,1254,1017
879,503,483,685,533,846
879,302,1099,430,1163,549
879,533,173,540,219,660
879,491,1621,447,1672,552
879,510,838,398,863,506
879,571,837,399,862,504
879,538,793,403,827,485
879,274,1314,349,1361,438
879,541,78,571,125,696
879,552,114,337,149,420
880,325,1243,547,1297,667
880,350,1425,803,1485,968
880,221,1725,592,1784,723
880,450,1158,853,1242,1017
880,503,469,683,522,848
880,302,1087,433,1157,550
880,533,162,539,209,659
880,491,1615,447,1666,553
880,510,832,398,858,506
880,571,832,398,857,505
880,274,1311,349,1360,439
880,541,67,571,113,696
881,325,1237,549,1292,666
881,350,1423,803,1474,969
881,221,1718,591,1773,723
881,450,1155,855,1233,1018
881,503,461,681,516,848
881,302,1081,438,1154,550
881,533,157,539,203,658
881,491,1612,447,1664,553
881,510,830,398,855,506
881,571,830,398,856,505
881,274,1309,350,1360,439
881,541,61,572,107,697
881,552,102,339,136,420
882,325,1230,549,1285,665
882,350,1415,805,1459,971
882,221,1710,589,1762,724
882,450,1144,858,1218,1021
882,503,445,681,507,849
882,302,1074,438,1147,551
882,533,147,540,194,659
882,491,1607,446,1659,553
882,510,825,398,851,509
882,571,825,397,851,507
882,274,1306,350,1359,440
882,541,50,573,96,698
882,552,94,337,134,422
883,325,1222,554,1277,666
883,350,1404,807,1450,974
883,221,1704,587,1753,725
883,450,1132,859,1200,1024
883,503,427,683,498,849
883,302,1068,438,1137,552
883,533,137,544,186,660
883,491,1604,445,1655,554
883,510,821,398,848,510
883,571,820,399,848,510
883,541,41,574,86,699
883,552,85,337,128,422
883,538,772,400,807,489
884,325,1218,553,1269,666
884,350,1398,808,1444,974
884,221,1702,587,1748,724
884,450,1125,860,1189,1026
884,503,416,685,494,848
884,302,1066,438,1131,552
884,533,132,546,181,660
884,491,1604,444,1653,555
884,541,36,575,80,697
884,552,81,337,126,422
884,538,768,399,804,490
884,274,1309,347,1361,447
885,325,1209,553,1260,668
885,350,1384,811,1439,978
885,221,1695,586,1740,724
885,450,1115,860,1178,1028
885,503,406,689,485,848
885,302,1061,437,1120,553
885,533,124,548,172,660
885,491,1604,443,1651,556
885,541,26,575,69,699
885,552,72,336,122,424
885,538,763,398,799,492
885,274,1314,349,1361,452
886,325,1201,550,1249,670
886,350,1368,812,1435,980
886,221,1685,586,1733,721
886,450,1105,860,1167,1031
886,503,397,693,476,849
886,302,1057,435,1112,553
886,533,117,549,164,661
886,491,1604,442,1649,553
886,541,16,575,60,703
886,538,758,398,793,493
886,510,812,406,842,513
887,325,1198,548,1243,670
887,350,1359,814,1432,982
887,221,1678,586,1727,719
887,450,1097,860,1161,1031
887,503,392,695,469,848
887,302,1055,433,1107,555
887,533,114,549,160,662
887,491,1604,442,1649,551
887,541,11,575,55,703
887,538,754,398,790,495
887,510,810,407,841,514
887,552,60,335,109,426
887,274,1320,349,1362,449
888,325,1191,548,1236,671
888,350,1349,817,1430,983
888,221,1671,588,1721,717
888,450,1086,860,1152,1033
888,503,380,696,454,850
888,302,1049,432,1101,554
888,533,106,546,151,662
888,491,1603,441,1647,550
888,541,0,576,43,704
888,510,805,409,835,517
888,552,52,335,100,426
888,274,1319,352,1367,449
889,325,1183,545,1228,670
889,350,1339,818,1426,985
889,221,1664,590,1712,716
889,450,1072,860,1142,1034
889,503,369,695,435,853
889,302,1043,430,1095,553
889,533,96,545,142,662
889,491,1600,440,1643,549
889,541,0,576,32,704
889,510,800,410,831,519
889,552,42,334,92,426
889,538,741,397,775,495
890,325,1179,544,1223,670
890,350,1335,818,1424,985
890,221,1660,591,1706,714
890,450,1065,860,1136,1033
890,503,362,694,423,854
890,302,1041,429,1093,552
890,533,92,544,139,662
890,491,1599,440,1642,549
890,541,0,576,26,704
890,510,799,410,830,520
890,538,737,397,772,494
890,274,1316,358,1376,449
891,325,1170,544,1214,670
891,350,1330,819,1417,987
891,221,1648,591,1698,716
891,450,1057,861,1123,1033
891,503,351,692,409,856
891,302,1035,428,1087,552
891,533,83,542,130,661
891,491,1596,439,1639,548
891,510,794,411,825,523
891,538,730,398,765,495
891,552,27,332,77,426
892,325,1161,545,1207,669
892,350,1325,819,1408,988
892,221,1639,589,1689,717
892,450,1048,863,1110,1033
892,503,343,691,396,858
892,302,1028,429,1082,552
892,533,75,542,123,658
892,491,1593,437,1637,549
892,538,722,399,758,495
893,325,1157,547,1203,669
893,350,1323,819,1402,988
893,221,1633,588,1683,719
893,450,1043,864,1101,1033
893,503,340,690,391,858
893,302,1024,429,1081,552
893,533,71,541,121,657
893,491,1591,436,1637,548
893,510,785,414,817,524
894,325,1150,548,1194,670
894,350,1318,819,1390,987
894,221,1625,586,1672,721
894,450,1029,864,1087,1034
894,503,328,689,380,859
894,302,1017,431,1077,553
894,533,62,543,113,659
894,491,1588,433,1635,546
894,510,781,413,810,524
894,274,1331,340,1379,443
894,538,710,399,747,496
895,325,1142,548,1184,669
895,350,1312,818,1374,987
895,221,1613,583,1661,720
895,450,1015,864,1071,1034
895,503,314,690,367,856
895,302,1008,434,1070,553
895,533,47,544,105,660
895,491,1584,431,1631,544
895,510,772,412,802,525
895,538,700,399,738,496
896,325,1136,546,1179,668
896,350,1308,818,1363,986
896,221,1606,582,1656,719
896,450,1007,863,1062,1034
896,503,305,690,361,855
896,302,1004,437,1067,553
896,533,42,544,102,659
896,491,1581,430,1629,544
896,510,769,411,798,525
896,538,695,398,733,496
896,274,1340,341,1379,442
897,325,1125,545,1169,668
897,350,1295,818,1345,987
897,221,1591,581,1647,719
897,450,990,863,1050,1035
897,503,291,693,348,855
897,302,996,438,1061,552
897,533,31,543,97,660
897,491,1577,427,1626,540
897,510,761,410,790,525
897,538,682,398,726,495
897,274,1336,342,1382,441
898,325,1115,542,1159,667
898,350,1282,818,1331,989
898,221,1578,580,1638,718
898,450,968,862,1041,1035
898,503,276,696,335,853
898,302,988,438,1055,552
898,533,25,541,89,660
898,491,1573,426,1621,538
898,510,752,409,781,524
898,538,670,395,716,495
898,274,1332,339,1386,441
899,325,1109,541,1154,667
899,350,1274,818,1323,990
899,221,1571,580,1632,718
899,450,954,862,1035,1035
899,503,268,697,329,852
899,302,985,438,1052,552
899,533,26,538,83,660
899,491,1572,426,1620,538
899,510,746,407,777,524
899,538,663,393,710,495
899,274,1331,337,1388,441
900,325,1098,539,1143,666
900,350,1256,820,1312,992
900,221,1562,584,1623,718
900,450,936,864,1024,1037
900,503,254,699,315,853
900,302,976,438,1047,552
900,533,18,536,73,662
900,491,1566,426,1616,539
900,510,737,406,767,525
900,538,651,391,696,495
900,274,1328,332,1391,440
901,325,1086,537,1132,666
901,350,1232,820,1303,994
901,221,1554,585,1612,717
901,450,921,864,1012,1039
901,503,239,699,299,853
901,302,969,436,1043,552
901,533,10,533,58,659
901,491,1561,425,1611,538
901,510,727,407,756,526
901,538,637,389,680,495
901,274,1326,323,1395,439
902,325,1078,537,1127,666
902,350,1218,821,1298,994
902,221,1549,585,1604,716
902,450,916,865,1005,1039
902,503,233,698,291,854
902,302,967,435,1041,552
902,533,5,532,50,657
902,491,1560,424,1609,539
902,538,631,387,672,496
902,274,1327,320,1394,438
903,325,1063,539,1116,666
903,350,1199,823,1288,995
903,221,1539,585,1592,717
903,450,905,865,990,1039
903,503,216,696,276,856
903,302,963,434,1038,551
903,533,0,532,36,654
903,491,1555,423,1603,537
903,538,617,386,658,495
903,274,1329,317,1390,437
903,510,711,410,740,528
904,325,1045,540,1104,666
904,350,1184,824,1280,996
904,221,1530,582,1579,716
904,450,896,865,971,1039
904,503,195,695,260,860
904,302,962,432,1032,551
904,533,0,532,25,652
904,491,1549,420,1599,535
904,538,604,386,643,496
904,274,1338,318,1384,436
904,510,701,411,730,530
905,325,1038,541,1098,667
905,350,1177,825,1276,996
905,221,1524,581,1573,716
905,450,891,866,960,1038
905,503,188,693,254,859
905,302,964,431,1032,551
905,533,0,532,20,653
905,491,1548,417,1598,534
905,538,599,386,636,496
905,274,1345,316,1383,437
905,510,696,413,726,530
906,325,1028,543,1088,667
906,350,1168,826,1269,998
906,221,1512,579,1564,714
906,450,881,866,942,1040
906,503,173,693,241,861
906,302,967,430,1030,550
906,491,1545,414,1595,533
906,538,588,387,623,496
906,274,1346,317,1384,437
907,325,1020,543,1078,668
907,350,1161,828,1258,999
907,221,1503,578,1556,714
907,450,870,864,927,1043
907,503,158,694,231,863
907,302,969,428,1029,550
907,491,1542,413,1593,531
907,538,576,389,612,498
907,274,1345,324,1388,436
907,510,677,415,706,535
908,325,1016,544,1071,668
908,350,1157,826,1251,999
908,221,1498,577,1550,714
908,450,864,863,920,1043
908,503,153,694,227,862
908,302,969,428,1029,550
908,491,1541,412,1592,529
908,538,569,391,607,499
908,274,1346,327,1393,436
908,510,673,416,702,536
909,325,1009,543,1060,668
909,350,1150,825,1236,999
909,221,1487,576,1541,714
909,450,849,862,908,1042
909,503,141,694,218,862
909,302,963,426,1024,548
909,491,1538,411,1587,527
909,538,556,393,597,499
909,274,1345,328,1395,433
909,510,664,417,693,536
910,325,999,541,1049,666
910,350,1140,823,1218,997
910,221,1475,576,1531,713
910,450,832,860,895,1040
910,503,130,694,208,864
910,302,957,424,1019,545
910,491,1536,410,1580,526
910,538,543,394,586,500
910,274,1345,329,1408,436
910,510,654,416,684,535
911,325,995,541,1043,663
911,350,1136,822,1207,997
911,221,1469,574,1524,711
911,450,820,861,894,1039
911,503,124,694,202,863
911,302,954,423,1017,543
911,491,1535,410,1578,525
911,538,536,395,580,501
911,274,1347,329,1414,436
911,510,649,416,680,535
912,325,985,537,1031,661
912,350,1128,821,1188,996
912,221,1456,575,1512,712
912,450,804,862,883,1039
912,503,114,693,192,863
912,302,948,423,1012,542
912,491,1531,410,1571,525
912,538,526,395,570,501
912,274,1345,328,1414,435
912,510,639,416,670,535
913,325,975,537,1021,661
913,350,1120,822,1169,997
913,221,1445,576,1502,711
913,450,789,862,869,1040
913,503,105,695,180,864
913,302,944,425,1007,542
913,491,1526,411,1565,524
913,538,517,396,561,502
913,274,1344,330,1414,436
913,510,631,415,660,535
914,325,971,536,1016,661
914,350,1114,822,1161,998
914,221,1440,576,1496,712
914,450,782,862,864,1041
914,503,103,695,174,865
914,302,944,426,1006,541
914,491,1525,409,1563,524
914,538,513,396,558,502
914,274,1344,331,1416,436
914,510,627,414,657,537
915,325,963,535,1008,662
915,350,1104,823,1151,998
915,221,1431,576,1486,714
915,503,95,696,165,867
915,302,945,427,1003,540
915,491,1519,407,1561,525
915,538,506,396,549,503
915,274,1344,334,1416,436
915,510,619,414,650,536
916,325,956,529,1001,662
916,350,1089,823,1142,997
916,221,1422,575,1476,713
916,503,90,695,157,867
916,302,951,427,1001,539
916,491,1515,405,1559,526
916,538,498,394,540,503
916,274,1345,333,1414,436
916,510,612,413,642,537
916,450,769,863,858,1041
917,325,953,522,998,662
917,350,1078,823,1137,997
917,221,1419,575,1471,713
917,503,86,693,152,867
917,302,958,427,1001,539
917,491,1514,403,1560,525
917,538,493,393,534,504
917,274,1346,333,1415,436
917,510,609,413,639,537
917,450,765,863,849,1040
918,325,948,524,991,661
918,350,1064,823,1130,996
918,221,1414,575,1462,710
918,503,81,693,144,866
918,302,962,424,1000,537
918,491,1511,400,1560,522
918,538,485,391,524,503
918,274,1345,333,1412,434
918,510,603,413,633,538
918,450,759,860,835,1035
919,325,942,526,986,660
919,350,1050,822,1124,995
919,221,1407,573,1453,706
919,503,76,692,137,865
919,302,965,420,1001,534
919,491,1509,399,1560,516
919,538,478,388,515,503
919,274,1342,335,1409,434
919,510,595,415,629,538
919,450,751,860,822,1032
920,325,940,528,983,659
920,350,1043,822,1122,994
920,221,1403,572,1448,706
920,503,73,692,132,865
920,302,964,419,1002,537
920,491,1509,398,1561,513
920,538,475,388,511,503
920,274,1342,336,1408,433
920,510,591,417,626,538
920,450,747,858,815,1031
921,325,934,535,979,658
921,350,1036,822,1118,994
921,221,1396,571,1440,706
921,503,66,691,125,865
921,302,958,417,1003,540
921,491,1509,398,1561,511
921,538,469,386,504,503
921,274,1344,337,1402,432
921,510,584,417,620,538
921,450,737,856,803,1030
922,325,929,533,973,658
922,350,1029,822,1112,993
922,221,1388,570,1433,704
922,503,62,691,118,865
922,302,955,415,1005,541
922,491,1511,398,1562,511
922,538,463,387,498,503
922,274,1351,336,1399,431
922,510,577,418,616,538
922,450,729,853,795,1030
923,325,927,532,971,658
923,350,1026,821,1109,993
923,221,1384,570,1429,703
923,503,60,691,114,866
923,302,953,414,1009,542
923,491,1513,398,1563,511
923,538,460,388,494,503
923,274,1357,336,1397,431
923,510,574,419,615,539
923,450,724,853,790,1030
924,325,923,527,966,657
924,350,1020,821,1101,993
924,221,1377,569,1423,704
924,503,55,691,107,865
924,302,952,414,1011,542
924,491,1516,397,1562,511
924,538,453,389,488,505
924,274,1359,335,1396,431
924,510,569,419,609,540
924,450,714,852,781,1030
925,325,918,527,962,655
925,350,1015,820,1091,993
925,221,1367,569,1416,703
925,503,50,691,100,866
925,302,951,415,1010,542
925,491,1517,395,1561,511
925,538,446,392,481,506
925,274,1359,331,1399,431
925,510,563,420,607,540
925,450,697,851,772,1030
926,325,916,527,959,653
926,350,1012,820,1084,992
926,221,1359,568,1414,704
926,503,47,691,97,868
926,302,952,415,1012,542
926,491,1517,394,1562,510
926,538,443,394,478,507
926,274,1360,326,1404,430
926,510,560,422,606,539
926,450,689,851,768,1029
927,325,913,525,956,651
927,350,1009,819,1073,991
927,221,1348,568,1409,704
927,503,44,691,93,868
927,302,956,417,1014,541
927,491,1517,391,1564,510
927,538,440,395,474,508
927,274,1357,324,1411,431
927,510,555,422,604,540
927,450,682,851,761,1028
928,325,910,525,954,651
928,350,1005,817,1060,990
928,221,1340,569,1407,704
928,503,41,691,90,866
928,302,960,418,1017,541
928,491,1519,389,1565,508
928,538,436,397,471,509
928,274,1356,326,1416,431
928,510,549,421,599,541
928,450,678,851,755,1027
929,325,909,525,954,651
929,350,1003,817,1054,990
929,221,1337,570,1407,705
929,503,39,691,89,867
929,302,962,418,1021,541
929,491,1520,391,1567,505
929,538,434,398,469,510
929,274,1357,329,1419,431
929,510,547,421,595,542
929,450,677,851,753,1026
930,325,908,525,953,651
930,350,998,817,1047,990
930,221,1335,570,1405,705
930,503,39,693,88,867
930,302,968,418,1027,541
930,491,1523,389,1570,503
930,538,433,399,468,511
930,274,1362,331,1423,429
930,510,544,421,588,542
930,450,677,851,750,1025
931,325,909,524,952,651
931,350,993,817,1044,991
931,221,1336,570,1404,705
931,503,39,693,89,868
931,302,978,417,1029,541
931,491,1529,389,1574,502
931,538,433,400,468,511
931,274,1369,336,1425,429
931,510,541,421,581,543
931,450,678,848,747,1024
932,325,909,524,951,650
932,350,988,817,1042,991
932,221,1336,569,1402,705
932,503,38,693,89,869
932,302,986,416,1034,541
932,491,1534,389,1577,502
932,538,433,399,468,511
932,274,1372,338,1425,428
932,510,538,420,577,543
932,450,678,847,744,1024
933,325,909,523,949,650
933,350,975,817,1039,992
933,221,1335,568,1398,704
933,503,37,693,89,870
933,302,991,414,1039,541
933,491,1540,392,1580,502
933,538,432,398,466,511
933,274,1375,336,1425,429
933,510,536,420,574,543
933,450,678,845,741,1022
934,325,908,523,948,649
934,350,965,817,1037,992
934,221,1331,567,1391,702
934,503,37,693,90,870
934,302,994,413,1043,541
934,491,1546,394,1582,502
934,274,1378,335,1425,428
934,510,533,420,571,543
934,450,678,843,736,1019
935,325,908,523,948,649
935,350,957,817,1036,992
935,221,1328,566,1386,701
935,503,36,694,91,870
935,302,994,412,1045,541
935,491,1549,395,1585,502
935,274,1382,333,1427,428
935,510,530,420,569,542
935,450,676,842,734,1018
936,325,908,523,947,648
936,350,952,817,1035,992
936,221,1324,565,1377,699
936,503,36,694,93,871
936,302,995,413,1050,540
936,491,1552,390,1588,501
936,510,524,422,569,543
936,450,676,840,731,1017
936,538,428,394,461,512
937,325,908,523,947,648
937,350,951,817,1034,991
937,221,1321,564,1370,699
937,503,36,695,95,871
937,302,997,413,1054,538
937,491,1556,387,1594,500
937,510,519,425,570,543
937,450,676,839,729,1017
937,538,428,393,460,512
937,274,1387,331,1435,428
938,325,908,522,947,647
938,350,950,817,1034,991
938,221,1318,564,1367,699
938,503,36,696,97,871
938,302,997,414,1057,538
938,491,1558,384,1597,500
938,510,514,427,571,543
938,450,674,838,728,1017
938,538,427,392,459,512
938,604,1340,246,1365,304
938,274,1388,331,1438,428
939,325,909,522,947,647
939,350,951,817,1035,991
939,221,1314,564,1365,698
939,503,37,696,99,871
939,302,1001,415,1062,538
939,491,1561,381,1602,500
939,510,512,428,572,543
939,450,674,838,728,1016
939,538,427,393,459,513
939,274,1390,333,1442,429
940,325,910,522,948,647
940,350,953,817,1034,991
940,221,1312,563,1365,699
940,503,39,696,102,869
940,302,1007,416,1066,538
940,491,1564,380,1610,498
940,510,510,429,575,545
940,450,673,837,728,1016
940,538,429,395,460,514
940,274,1393,330,1444,429
941,325,910,521,950,647
941,350,954,817,1032,991
941,221,1312,562,1365,698
941,503,40,696,104,869
941,302,1011,416,1070,537
941,491,1568,379,1615,495
941,510,510,429,576,545
941,450,672,837,727,1015
941,538,429,396,460,516
941,274,1396,330,1446,429
941,605,149,253,179,324
942,325,911,520,953,646
942,350,959,817,1028,991
942,221,1311,562,1367,699
942,503,42,695,106,870
942,302,1019,416,1075,535
942,491,1572,380,1622,494
942,510,512,428,580,545
942,450,671,837,731,1015
942,274,1399,330,1450,430
942,605,152,255,182,324
943,325,914,519,956,644
943,350,964,817,1024,991
943,221,1310,562,1370,698
943,503,44,696,106,870
943,302,1032,415,1083,535
943,491,1577,380,1630,494
943,510,514,428,582,545
943,450,673,836,733,1014
943,274,1403,330,1453,430
943,538,431,401,466,518
944,325,915,518,957,643
944,350,968,816,1020,990
944,221,1309,562,1371,698
944,503,45,696,106,870
944,302,1040,414,1085,534
944,491,1580,380,1635,494
944,510,515,427,581,545
944,450,674,836,735,1013
944,274,1405,331,1455,430
944,538,431,403,467,519
945,325,918,517,960,642
945,350,969,816,1016,989
945,221,1308,562,1372,697
945,503,49,696,107,869
945,302,1049,412,1088,534
945,491,1585,380,1642,493
945,510,517,426,578,544
945,450,676,835,736,1012
945,274,1407,331,1459,429
945,538,434,406,471,520
946,325,921,517,964,642
946,350,970,815,1014,989
946,221,1308,562,1373,697
946,503,51,696,110,867
946,302,1055,413,1091,534
946,491,1596,379,1648,492
946,510,518,425,571,544
946,450,678,833,739,1010
946,274,1410,328,1462,429
946,538,436,407,474,520
946,607,0,520,27,639
946,608,0,711,25,828
947,325,922,516,965,642
947,350,967,815,1013,989
947,221,1307,562,1372,696
947,503,52,696,112,867
947,302,1058,412,1093,535
947,491,1604,377,1651,491
947,510,518,424,564,543
947,450,680,832,740,1008
947,274,1410,327,1463,428
947,538,436,408,475,521
947,607,0,522,28,639
947,608,0,704,28,830
948,325,925,516,967,641
948,350,966,815,1012,990
948,221,1307,562,1371,695
948,503,54,696,113,867
948,302,1063,411,1099,536
948,491,1615,375,1656,489
948,510,517,423,556,544
948,450,682,831,743,1006
948,274,1410,325,1467,429
948,538,436,408,477,521
948,607,0,521,33,640
948,608,1,685,33,832
948,609,1373,420,1389,431
949,325,928,516,970,640
949,350,959,816,1013,989
949,221,1309,562,1368,693
949,503,57,696,115,867
949,302,1068,413,1111,536
949,491,1624,373,1662,490
949,510,516,422,552,545
949,450,684,830,745,1002
949,538,436,409,476,522
949,607,0,521,38,641
949,608,1,680,40,835
949,609,1376,420,1391,431
950,325,930,516,972,640
950,350,953,817,1013,989
950,221,1309,562,1366,692
950,503,58,696,115,868
950,302,1071,414,1118,537
950,491,1629,373,1666,490
950,510,515,423,549,546
950,450,685,829,747,999
950,538,435,408,475,522
950,607,0,521,41,642
950,608,0,680,43,836
950,274,1417,327,1470,430
951,325,933,517,975,640
951,350,948,818,1016,990
951,221,1312,561,1363,692
951,503,60,698,120,870
951,302,1076,414,1128,538
951,491,1638,373,1673,488
951,510,513,426,550,547
951,450,686,828,746,998
951,538,435,407,474,523
951,607,2,519,46,644
951,608,0,681,46,836
951,274,1420,328,1471,430
952,325,939,517,980,640
952,350,947,819,1020,991
952,221,1315,561,1360,693
952,503,63,699,124,872
952,302,1080,415,1135,539
952,491,1647,373,1681,488
952,510,511,429,550,547
952,450,688,828,746,999
952,538,436,405,475,524
952,607,6,519,52,644
952,608,1,681,49,837
952,274,1423,328,1472,430
953,325,941,517,982,641
953,350,947,819,1022,990
953,221,1316,561,1358,694
953,503,64,699,126,872
953,302,1082,416,1138,539
953,491,1652,375,1686,487
953,510,508,430,550,547
953,450,689,827,746,998
953,538,436,404,475,524
953,607,10,520,56,645
953,608,0,681,51,838
953,274,1424,326,1471,430
954,325,945,517,987,642
954,350,949,819,1025,990
954,221,1318,561,1358,695
954,503,67,699,130,872
954,302,1087,416,1143,539
954,491,1659,375,1697,487
954,510,507,432,557,548
954,450,691,827,749,998
954,538,436,404,477,524
954,607,15,520,62,645
954,608,1,681,54,838
954,274,1428,328,1470,430
955,325,949,516,990,641
955,350,950,819,1026,989
955,221,1317,561,1359,695
955,503,71,698,135,873
955,302,1090,417,1147,539
955,491,1664,377,1709,487
955,510,505,433,560,549
955,450,691,827,752,998
955,538,435,404,477,525
955,607,20,518,67,644
955,608,1,681,57,837
955,274,1430,329,1467,431
956,325,951,516,991,641
956,350,950,818,1026,989
956,221,1315,561,1359,696
956,503,72,698,137,873
956,302,1093,417,1148,539
956,491,1666,378,1716,487
956,510,503,433,560,550
956,450,689,827,753,997
956,538,433,406,477,526
956,607,22,517,69,643
956,608,1,681,59,837
956,274,1431,329,1464,431
957,325,953,516,994,642
957,350,951,818,1024,990
957,221,1309,561,1360,696
957,503,74,697,139,873
957,302,1098,416,1150,540
957,491,1669,379,1723,487
957,510,502,434,560,550
957,450,683,827,754,997
957,538,432,409,479,528
957,607,25,518,71,642
957,608,3,681,61,837
957,274,1431,329,1463,432
957,605,197,253,226,326
958,325,956,516,996,642
958,350,953,817,1020,990
958,221,1301,561,1361,696
958,503,75,697,139,873
958,302,1104,415,1151,540
958,491,1672,379,1728,487
958,510,500,433,558,550
958,450,680,827,754,995
958,538,429,412,480,529
958,607,28,519,72,642
958,608,3,682,62,838
958,274,1431,328,1462,432
958,611,1437,246,1461,306
959,325,957,515,997,640
959,350,955,817,1015,989
959,221,1296,561,1362,695
959,503,76,697,138,873
959,302,1106,415,1152,540
959,491,1674,379,1731,487
959,510,499,433,555,550
959,450,678,827,755,995
959,538,425,414,480,529
959,607,29,518,73,642
959,608,3,682,63,838
959,274,1430,328,1462,432
959,611,1437,246,1461,306
960,325,959,514,999,639
960,350,956,816,1009,988
960,221,1294,562,1363,695
960,503,77,697,136,872
960,302,1112,415,1154,541
960,491,1677,378,1733,487
960,510,497,432,549,550
960,450,679,827,756,994
960,538,421,417,481,530
960,607,32,517,75,641
960,608,3,683,63,839
960,274,1427,328,1465,432
960,611,1438,245,1463,306
961,325,961,514,1002,638
961,350,953,816,1005,989
961,221,1296,562,1364,694
961,503,78,697,133,872
961,302,1117,415,1157,540
961,491,1679,378,1736,487
961,510,494,430,544,551
961,450,681,826,756,994
961,538,419,419,483,531
961,607,34,516,79,641
961,608,3,683,64,840
961,274,1414,329,1467,434
962,325,962,513,1003,637
962,350,950,816,1002,988
962,221,1296,563,1364,694
962,503,79,697,131,872
962,302,1120,414,1158,539
962,491,1680,378,1737,487
962,510,492,430,539,551
962,450,681,825,756,993
962,538,419,420,483,531
962,607,36,516,81,641
962,608,2,684,65,840
962,274,1409,330,1468,434
962,611,1438,245,1465,307
963,325,963,513,1005,637
963,350,948,815,999,989
963,221,1296,563,1362,694
963,503,79,697,130,873
963,302,1121,413,1160,539
963,491,1684,377,1738,487
963,510,489,431,530,550
963,450,682,825,757,993
963,538,418,419,477,530
963,607,37,518,84,641
963,608,1,685,66,841
963,274,1409,328,1469,434
963,611,1438,245,1465,307
964,325,964,513,1005,637
964,350,943,816,995,990
964,221,1296,562,1356,693
964,503,77,697,128,873
964,302,1121,413,1164,539
964,491,1690,375,1739,487
964,510,483,430,521,550
964,450,682,824,757,992
964,538,417,419,473,529
964,607,36,518,85,640
964,608,0,686,67,841
964,274,1401,326,1470,435
964,611,1436,245,1463,306
965,325,964,513,1006,636
965,350,938,816,994,990
965,221,1297,561,1353,693
965,503,77,697,128,873
965,302,1119,413,1164,539
965,491,1696,373,1741,486
965,510,477,431,517,551
965,450,680,823,756,990
965,538,414,417,471,529
965,607,36,517,86,640
965,608,0,687,67,841
965,274,1405,325,1470,435
965,611,1435,245,1462,306
966,325,964,513,1006,636
966,350,926,816,991,991
966,221,1296,561,1346,692
966,503,75,698,127,874
966,302,1117,414,1166,540
966,491,1704,371,1743,485
966,510,468,433,514,554
966,450,678,823,755,989
966,538,410,417,459,529
966,607,34,517,87,640
966,608,0,688,66,842
966,274,1408,326,1470,436
966,611,1434,246,1461,306
967,325,964,514,1006,636
967,350,915,817,989,992
967,221,1294,560,1339,692
967,503,73,700,127,874
967,302,1115,414,1169,540
967,491,1711,369,1745,484
967,510,459,436,510,555
967,450,675,821,754,988
967,538,405,415,451,531
967,607,32,516,87,640
967,608,0,690,64,842
967,274,1408,326,1469,436
968,325,963,514,1006,636
968,350,907,817,989,991
968,221,1291,560,1334,692
968,503,72,700,127,874
968,302,1114,415,1171,541
968,491,1715,368,1746,483
968,510,452,438,509,557
968,450,673,820,753,988
968,538,402,414,447,533
968,607,31,516,86,640
968,608,0,690,62,842
968,274,1407,328,1468,437
968,615,1377,425,1393,438
969,325,963,514,1005,636
969,350,903,818,989,992
969,221,1284,560,1324,692
969,503,70,701,127,875
969,302,1114,417,1170,541
969,491,1720,366,1750,482
969,510,448,439,509,558
969,450,667,819,753,989
969,538,398,414,441,532
969,607,30,515,85,640
969,608,0,690,57,843
969,274,1406,331,1453,437
970,325,963,514,1006,636
970,350,901,820,989,993
970,221,1277,560,1319,693
970,503,69,701,127,875
970,302,1114,418,1171,541
970,491,1724,366,1755,481
970,510,444,439,509,559
970,450,664,819,752,989
970,538,394,416,434,531
970,607,29,515,84,640
970,608,0,690,49,845
970,274,1407,335,1456,437
971,325,963,514,1006,636
971,350,900,821,989,993
971,221,1273,559,1316,693
971,503,68,701,128,875
971,302,1115,418,1172,541
971,491,1726,366,1758,480
971,510,443,438,509,558
971,450,663,819,751,989
971,538,391,417,431,532
971,607,28,515,83,639
971,608,0,693,44,845
971,274,1407,338,1454,437
972,325,962,514,1005,637
972,350,899,821,989,993
972,221,1265,560,1315,692
972,503,68,701,126,875
972,302,1115,419,1174,539
972,491,1728,367,1764,480
972,510,441,437,506,557
972,450,658,818,751,990
972,538,386,416,429,532
972,607,27,516,82,639
972,608,0,702,36,845
972,274,1407,340,1449,438
973,325,962,514,1005,637
973,350,897,819,987,993
973,221,1259,560,1313,693
973,503,68,701,124,875
973,302,1115,419,1177,538
973,491,1730,368,1769,479
973,510,437,435,497,556
973,450,652,818,751,990
973,538,381,417,423,533
973,607,26,516,80,639
973,608,0,707,29,845
973,274,1405,341,1440,438
973,611,1425,247,1449,307
974,325,961,513,1004,636
974,350,897,818,986,993
974,221,1253,559,1313,693
974,503,68,701,123,875
974,302,1115,419,1180,538
974,491,1732,369,1771,479
974,510,435,433,489,555
974,450,650,817,750,989
974,538,377,417,421,534
974,607,26,516,80,639
974,608,0,708,27,845
974,274,1402,341,1434,438
974,617,1355,427,1371,440
974,611,1424,247,1448,307
975,325,961,513,1003,636
975,350,897,818,982,993
975,221,1250,560,1313,693
975,503,67,700,122,875
975,302,1116,420,1184,539
975,491,1733,370,1777,479
975,510,431,432,487,554
975,450,645,817,749,989
975,538,372,418,420,535
975,607,25,516,78,638
975,608,0,709,25,844
975,274,1398,340,1429,438
975,611,1423,246,1446,308
976,325,962,513,1004,635
976,350,899,820,976,992
976,221,1246,560,1312,693
976,503,69,701,122,876
976,302,1119,421,1186,539
976,491,1736,372,1784,477
976,510,425,432,484,555
976,450,643,817,750,988
976,538,367,419,418,535
976,607,25,516,78,639
976,608,0,713,25,845
976,274,1395,338,1427,438
976,611,1422,245,1446,308
977,325,962,513,1004,635
977,350,900,820,972,992
977,221,1243,560,1312,693
977,503,70,701,122,875
977,302,1121,421,1187,538
977,491,1737,372,1787,477
977,510,421,432,481,556
977,450,643,817,750,986
977,538,365,420,414,535
977,607,24,516,78,638
977,608,0,716,25,845
977,274,1392,339,1427,438
977,611,1422,245,1446,308
977,618,1349,428,1364,441
978,325,963,513,1005,635
978,350,901,821,967,993
978,221,1240,561,1311,693
978,503,71,702,122,876
978,302,1127,421,1190,539
978,491,1740,373,1791,478
978,510,417,432,467,554
978,450,644,817,749,986
978,538,363,421,412,535
978,607,24,515,78,638
978,608,0,723,26,846
978,274,1387,339,1430,439
978,611,1422,246,1446,310
979,325,964,513,1006,634
979,350,900,823,960,993
979,221,1240,561,1308,689
979,503,73,702,123,878
979,302,1133,421,1193,540
979,491,1743,374,1796,480
979,510,413,432,457,555
979,450,645,816,749,985
979,538,363,422,408,536
979,607,24,514,76,638
979,608,0,734,27,846
979,274,1379,342,1431,440
979,611,1422,247,1447,310
980,325,965,512,1007,634
980,350,898,822,954,993
980,221,1240,561,1306,686
980,503,74,702,124,878
980,302,1138,420,1196,540
980,491,1745,374,1799,480
980,510,409,433,451,556
980,450,646,815,749,984
980,538,363,421,407,537
980,607,25,514,75,637
980,274,1375,343,1432,441
980,611,1422,246,1447,309
980,619,1544,239,1574,308
981,325,966,512,1009,634
981,350,896,822,946,992
981,221,1242,560,1302,685
981,503,76,701,126,878
981,302,1148,418,1201,539
981,491,1749,374,1803,479
981,510,403,434,446,556
981,450,647,814,750,982
981,538,362,420,403,534
981,607,25,513,74,637
981,274,1371,343,1434,441
981,611,1423,245,1447,309
982,325,967,510,1010,633
982,350,891,824,942,991
982,221,1244,558,1294,684
982,503,78,700,127,878
982,302,1160,415,1205,538
982,491,1753,373,1805,479
982,510,391,436,443,556
982,450,648,813,747,978
982,538,359,418,399,533
982,607,25,512,72,637
982,274,1371,343,1435,440
982,611,1423,244,1448,309
983,325,968,510,1010,633
983,350,888,824,941,991
983,221,1247,558,1289,684
983,503,78,700,129,878
983,302,1167,414,1209,537
983,491,1755,373,1806,480
983,510,384,437,442,557
983,450,649,812,745,977
983,538,357,418,396,534
983,607,25,511,71,637
983,274,1370,343,1435,440
983,611,1422,243,1448,309
983,621,1338,429,1354,442
983,619,1547,236,1580,307
984,325,969,510,1011,633
984,350,884,825,941,991
984,221,1247,558,1284,686
984,503,79,700,130,878
984,302,1175,414,1212,537
984,491,1755,373,1807,480
984,510,378,440,443,558
984,450,648,812,743,976
984,538,355,419,394,537
984,607,25,511,69,636
984,274,1372,343,1434,440
984,611,1422,244,1448,309
984,619,1548,235,1581,307
985,325,969,511,1012,633
985,350,875,828,941,992
985,221,1244,558,1281,688
985,503,80,701,131,879
985,302,1179,414,1215,540
985,491,1756,372,1808,481
985,510,374,441,443,560
985,450,647,811,740,978
985,538,352,420,392,537
985,607,25,512,68,636
985,274,1373,337,1429,441
985,621,1334,430,1349,443
986,325,969,511,1012,634
986,350,869,829,941,992
986,221,1241,559,1280,690
986,503,81,702,133,880
986,302,1181,413,1217,540
986,491,1758,372,1808,481
986,510,371,442,444,560
986,450,646,811,738,979
986,538,350,421,389,540
986,607,24,513,68,636
986,274,1374,336,1424,442
986,621,1332,430,1347,445
987,325,969,511,1012,634
987,350,865,832,941,993
987,221,1236,559,1279,691
987,503,81,702,134,880
987,302,1182,415,1221,541
987,491,1761,372,1808,481
987,510,368,441,442,560
987,450,643,811,735,979
987,538,342,424,385,541
987,607,24,514,67,637
987,274,1373,337,1418,442
987,621,1329,431,1344,445
988,325,969,512,1012,634
988,350,863,833,941,994
988,221,1231,559,1279,692
988,503,81,703,136,880
988,302,1185,416,1227,541
988,491,1768,372,1810,481
988,510,367,440,433,559
988,450,634,811,732,978
988,538,336,426,380,539
988,607,24,515,66,637
988,274,1370,337,1410,442
988,621,1327,432,1341,446
989,325,969,512,1012,634
989,350,861,831,941,995
989,221,1222,559,1279,692
989,503,81,703,135,880
989,302,1185,416,1230,541
989,491,1770,371,1810,480
989,510,365,438,426,559
989,450,628,811,729,978
989,538,330,426,375,538
989,607,23,516,66,636
989,274,1368,336,1403,443
989,621,1326,432,1338,446
990,325,969,512,1013,635
990,350,861,828,939,994
990,221,1214,560,1279,693
990,503,80,703,137,880
990,302,1186,417,1234,541
990,491,1773,372,1816,480
990,450,618,812,726,978
990,607,22,517,67,635
990,274,1364,338,1393,445
990,621,1322,432,1336,446
991,325,969,513,1013,636
991,350,860,825,935,994
991,221,1211,562,1280,694
991,503,79,704,138,881
991,302,1187,418,1238,540
991,491,1776,371,1821,482
991,450,613,812,724,978
991,607,21,517,67,636
991,538,321,429,387,555
992,325,969,513,1013,636
992,350,860,825,932,994
992,221,1209,564,1280,695
992,503,78,704,139,881
992,302,1188,418,1240,539
992,491,1778,371,1821,483
992,450,612,813,722,978
992,607,20,517,67,636
992,624,1190,289,1224,317
992,538,318,430,371,551
992,510,338,431,395,558
992,274,1355,342,1389,446
993,325,969,513,1013,636
993,350,861,826,926,995
993,221,1209,565,1279,695
993,503,78,705,139,882
993,302,1194,419,1240,537
993,491,1779,372,1823,485
993,450,612,814,720,979
993,607,20,516,68,638
993,624,1192,290,1224,318
993,538,319,433,362,552
993,510,327,432,388,560
993,274,1349,345,1389,447
994,325,969,513,1014,637
994,350,861,827,917,995
994,221,1208,565,1273,695
994,503,77,706,139,883
994,302,1199,418,1243,536
994,491,1781,372,1824,486
994,450,612,814,718,979
994,607,19,515,68,639
994,510,324,432,382,562
994,274,1335,347,1389,448
995,325,969,512,1014,636
995,350,861,828,911,995
995,221,1208,565,1271,696
995,503,76,706,140,883
995,302,1203,417,1245,536
995,491,1782,372,1824,487
995,450,612,813,717,979
995,607,18,515,68,639
995,510,322,431,379,563
995,274,1328,348,1387,449
996,325,970,512,1015,635
996,350,858,829,904,996
996,221,1209,565,1264,695
996,503,75,706,140,883
996,302,1207,416,1247,537
996,491,1785,372,1824,486
996,450,613,812,714,978
996,607,17,513,67,637
996,510,321,428,373,564
996,274,1319,348,1384,449
997,325,970,512,1014,633
997,350,853,830,899,996
997,221,1206,564,1255,694
997,503,73,706,140,883
997,302,1211,414,1250,537
997,491,1786,372,1825,486
997,450,614,809,712,977
997,607,17,512,66,635
997,510,314,427,368,564
997,274,1320,350,1379,447
998,325,970,511,1014,632
998,350,849,829,896,997
998,221,1200,563,1247,693
998,503,72,705,140,882
998,302,1212,413,1251,537
998,491,1787,371,1826,486
998,450,614,808,711,976
998,607,16,512,65,636
998,510,309,426,366,564
998,274,1313,351,1375,447
999,325,971,511,1014,632
999,350,842,828,894,997
999,221,1193,562,1240,693
999,503,71,705,139,882
999,302,1215,411,1254,537
999,491,1789,371,1826,486
999,450,614,807,710,975
999,607,15,511,64,635
999,510,301,426,371,566
1000,325,971,511,1014,632
1000,350,828,829,893,998
1000,221,1184,561,1235,693
1000,503,70,705,139,882
1000,302,1217,411,1258,538
1000,491,1791,372,1826,486
1000,450,614,806,709,974
1000,607,13,511,62,635
1000,510,296,427,368,566
1000,274,1305,354,1369,450
1001,325,970,510,1013,632
1001,350,821,828,892,999
1001,221,1179,561,1231,693
1001,503,69,705,139,881
1001,302,1219,411,1260,537
1001,491,1791,372,1826,486
1001,450,611,806,707,974
1001,607,12,511,61,635
1001,510,295,427,367,567
1001,274,1307,355,1365,451
1002,325,970,511,1013,631
1002,350,813,829,892,999
1002,221,1174,561,1230,692
1002,503,68,704,139,880
1002,302,1221,412,1266,537
1002,491,1792,373,1827,486
1002,450,610,805,705,974
1002,607,11,511,60,634
1002,510,294,429,365,567
1002,274,1310,356,1361,451
1003,325,968,510,1012,630
1003,350,810,827,892,998
1003,221,1169,560,1231,691
1003,503,68,703,139,879
1003,302,1223,414,1271,534
1003,491,1793,373,1827,486
1003,450,606,804,705,974
1003,607,9,511,60,634
1003,510,292,431,357,566
1004,325,966,510,1012,629
1004,350,808,827,892,999
1004,221,1165,560,1230,690
1004,503,67,703,138,880
1004,302,1224,415,1274,534
1004,491,1793,372,1827,485
1004,450,604,803,704,974
1004,607,8,511,59,632
1004,510,290,432,351,564
1004,274,1314,356,1355,441
1005,325,963,510,1010,629
1005,350,806,826,892,999
1005,221,1161,561,1229,690
1005,503,67,702,136,880
1005,302,1226,417,1275,533
1005,491,1792,372,1826,485
1005,450,601,803,703,973
1005,607,5,511,59,632
1005,510,287,434,342,562
1006,325,961,510,1007,628
1006,350,805,825,890,999
1006,221,1157,560,1225,690
1006,503,65,701,135,879
1006,302,1227,417,1276,533
1006,491,1792,372,1824,485
1006,450,597,802,700,971
1006,607,2,512,57,632
1006,510,298,432,342,553
1006,538,280,451,324,560
1006,274,1299,357,1347,448
1007,325,961,510,1006,628
1007,350,805,825,888,999
1007,221,1155,560,1222,689
1007,503,64,701,134,878
1007,302,1228,417,1276,533
1007,491,1792,372,1824,485
1007,450,593,802,699,971
1007,607,1,513,57,631
1007,510,300,432,342,550
1007,538,278,453,321,560
1007,274,1297,357,1345,450
1007,611,1396,253,1430,318
1008,325,959,510,1004,628
1008,350,805,825,881,998
1008,221,1154,560,1217,685
1008,503,63,700,131,876
1008,302,1228,418,1276,533
1008,491,1791,372,1823,485
1008,450,583,802,696,970
1008,607,0,512,54,631
1008,538,275,441,328,558
1008,274,1296,357,1343,451
1009,325,956,509,1001,627
1009,350,805,824,872,997
1009,221,1152,558,1208,684
1009,503,60,699,129,874
1009,302,1227,418,1276,532
1009,491,1790,371,1821,486
1009,450,577,800,693,969
1009,607,0,512,51,630
1009,538,268,436,330,557
1009,274,1293,357,1339,452
1010,325,954,508,1000,627
1010,350,805,824,865,996
1010,221,1154,557,1201,682
1010,503,59,697,127,872
1010,302,1226,418,1276,532
1010,491,1789,371,1821,485
1010,450,575,799,690,968
1010,607,0,511,48,629
1010,538,261,443,326,558
1010,274,1292,359,1335,452
1011,325,952,506,998,626
1011,350,802,823,854,994
1011,221,1151,555,1195,682
1011,503,57,696,125,871
1011,302,1224,416,1274,530
1011,491,1787,371,1819,485
1011,450,574,798,684,966
1011,607,0,509,43,629
1011,538,249,443,308,558
1011,510,286,427,328,544
1012,325,948,503,994,624
1012,350,795,822,844,994
1012,221,1147,553,1189,682
1012,503,55,694,122,868
1012,302,1221,413,1272,528
1012,491,1785,370,1816,483
1012,450,573,796,678,962
1012,607,0,507,37,628
1012,538,234,443,295,558
1012,510,281,426,318,541
1012,274,1287,355,1327,450
1013,325,946,501,991,623
1013,350,792,821,839,993
1013,221,1143,552,1186,682
1013,503,54,694,120,867
1013,302,1219,412,1269,528
1013,491,1784,371,1815,483
1013,450,575,796,673,960
1013,607,0,507,33,627
1013,538,226,442,289,557
1013,510,275,426,312,541
1013,274,1286,352,1325,449
1014,325,940,500,985,622
1014,350,786,820,832,992
1014,221,1134,549,1180,681
1014,503,50,692,116,865
1014,302,1215,409,1265,528
1014,491,1778,371,1810,482
1014,450,572,795,662,956
1014,607,0,506,29,626
1014,538,212,444,280,557
1015,325,935,499,980,620
1015,350,771,819,826,990
1015,221,1122,548,1175,679
1015,503,46,691,111,863
1015,302,1208,406,1260,526
1015,491,1772,370,1806,480
1015,450,569,791,649,953
1015,607,0,504,24,625
1015,538,199,442,272,557
1015,510,258,424,294,548
1016,325,932,499,977,619
1016,350,761,819,823,989
1016,221,1114,548,1171,679
1016,503,44,689,108,862
1016,302,1204,404,1257,526
1016,491,1770,369,1803,479
1016,450,567,789,641,953
1016,607,0,502,21,624
1016,538,192,442,268,559
1016,510,254,422,288,552
1016,274,1271,323,1316,446
1017,325,927,497,971,617
1017,350,751,818,817,986
1017,221,1105,548,1164,677
1017,503,40,688,102,861
1017,302,1198,404,1251,524
1017,491,1764,368,1797,478
1017,450,561,787,631,952
1017,538,184,445,262,558
1017,510,249,421,281,544
1017,274,1266,319,1310,445
1018,325,921,497,965,615
1018,350,742,816,809,985
1018,221,1096,547,1156,675
1018,503,35,687,97,860
1018,302,1188,402,1246,523
1018,491,1759,367,1790,478
1018,450,554,786,620,951
1018,538,178,442,252,558
1018,510,241,421,271,536
1018,274,1257,321,1305,444
1019,325,918,497,961,615
1019,350,738,816,805,985
1019,221,1091,546,1152,675
1019,503,33,687,94,860
1019,302,1184,403,1243,522
1019,491,1756,366,1787,478
1019,450,550,785,615,950
1019,538,175,441,247,558
1020,325,912,495,956,614
1020,350,734,815,797,984
1020,221,1084,546,1145,675
1020,503,29,686,89,859
1020,302,1178,402,1237,522
1020,491,1748,366,1779,477
1020,450,539,783,606,949
1020,538,171,438,234,557
1020,510,221,420,261,537
1020,274,1246,315,1295,442
1021,325,907,495,950,613
1021,350,728,814,786,984
1021,221,1078,545,1137,674
1021,503,24,686,85,858
1021,302,1171,401,1228,522
1021,450,530,783,598,947
1021,538,167,437,219,556
1021,510,210,419,255,538
1021,274,1238,315,1289,441
1022,325,905,494,948,613
1022,350,725,814,780,984
1022,221,1075,543,1132,673
1022,503,23,686,82,859
1022,302,1168,401,1225,521
1022,450,526,783,593,947
1022,538,164,435,208,556
1022,510,201,419,253,540
1022,274,1234,315,1286,441
1022,491,1738,364,1768,476
1023,325,901,493,942,612
1023,350,716,814,770,982
1023,221,1070,541,1126,672
1023,503,19,687,77,857
1023,302,1162,401,1219,521
1023,450,521,783,585,946
1023,538,158,432,193,554
1023,510,191,419,248,538
1023,274,1230,315,1280,441
1023,491,1732,364,1762,475
1024,325,897,492,938,611
1024,350,707,812,762,982
1024,221,1064,541,1118,672
1024,503,16,686,74,857
1024,302,1156,399,1211,521
1024,450,516,782,578,945
1024,538,150,431,182,554
1024,510,185,420,244,538
1024,274,1223,315,1275,441
1024,491,1726,364,1756,474
1025,325,895,491,935,611
1025,350,702,812,758,982
1025,221,1062,541,1114,673
1025,503,14,686,72,857
1025,302,1153,399,1204,520
1025,450,513,782,576,945
1025,538,142,431,176,555
1025,510,182,420,239,537
1025,274,1220,314,1273,440
1025,491,1723,363,1754,474
1026,325,891,491,932,610
1026,350,695,811,752,983
1026,221,1057,540,1106,672
1026,503,11,685,69,856
1026,302,1147,398,1192,520
1026,450,509,781,573,945
1026,538,129,432,169,555
1026,510,178,421,234,536
1026,491,1719,363,1748,474
1027,325,888,491,928,609
1027,350,688,810,745,983
1027,221,1054,539,1099,672
1027,503,8,685,66,854
1027,302,1142,397,1182,519
1027,450,505,781,571,944
1027,538,116,433,160,555
1027,510,175,420,232,535
1027,274,1209,313,1264,439
1028,325,886,491,926,608
1028,350,684,810,742,982
1028,221,1052,540,1096,673
1028,503,6,684,64,853
1028,302,1139,397,1178,518
1028,450,502,781,566,944
1028,538,110,434,156,554
1028,510,172,419,231,535
1028,274,1204,313,1262,438
1029,325,882,491,923,606
1029,350,677,810,739,982
1029,221,1048,540,1090,673
1029,503,4,684,62,852
1029,302,1132,396,1172,516
1029,450,499,781,560,943
1029,538,104,435,152,553
1029,510,171,419,226,534
1029,274,1200,314,1257,438
1029,651,678,810,740,981
1029,491,1708,363,1737,473
1030,325,879,491,920,606
1030,350,670,810,735,982
1030,221,1046,540,1084,673
1030,503,2,684,60,852
1030,302,1128,395,1166,515
1030,450,498,781,559,942
1030,538,96,438,149,554
1030,510,169,418,219,534
1030,274,1198,315,1254,439
1030,491,1704,363,1733,473
1031,325,878,490,919,606
1031,350,667,811,733,983
1031,221,1044,540,1082,674
1031,503,2,685,59,852
1031,302,1126,395,1163,515
1031,450,497,781,557,942
1031,538,93,439,149,555
1031,510,168,419,210,533
1031,274,1195,314,1253,439
1031,491,1702,363,1732,473
1032,325,876,490,917,606
1032,350,662,812,729,984
1032,221,1041,540,1078,675
1032,503,1,685,57,851
1032,302,1121,395,1157,515
1032,450,495,781,553,941
1032,538,83,439,146,556
1032,510,165,418,203,532
1032,274,1189,317,1248,439
1032,491,1699,364,1728,472
1032,654,1699,364,1728,473
1033,325,871,490,914,605
1033,350,660,813,723,984
1033,221,1037,540,1072,675
1033,503,0,685,53,848
1033,302,1116,395,1153,514
1033,450,492,780,545,940
1033,538,78,438,143,555
1033,510,162,419,197,533
1033,274,1186,324,1232,437
1033,491,1695,362,1725,471
1034,325,869,491,913,604
1034,350,658,814,720,984
1034,221,1034,540,1070,674
1034,503,0,685,51,848
1034,302,1114,395,1150,514
1034,450,491,780,541,940
1034,538,75,437,140,555
1034,510,160,417,194,533
1034,274,1185,332,1233,437
1034,491,1694,362,1723,470
1035,325,866,488,911,604
1035,350,656,813,717,983
1035,221,1031,541,1068,674
1035,503,0,685,48,848
1035,302,1109,396,1148,514
1035,450,487,780,534,940
1035,538,75,436,132,555
1035,510,157,417,191,531
1035,274,1182,335,1226,436
1035,491,1689,361,1720,471
1036,325,863,487,909,603
1036,350,653,812,715,983
1036,221,1027,541,1064,673
1036,503,0,685,45,847
1036,302,1105,396,1146,514
1036,450,485,779,528,941
1036,538,73,437,120,556
1036,510,152,416,188,531
1036,274,1176,333,1217,434
1036,491,1685,360,1716,471
1037,325,862,487,907,603
1037,350,652,812,716,982
1037,221,1024,541,1063,673
1037,503,0,686,43,847
1037,302,1104,397,1145,513
1037,450,484,780,525,941
1037,538,73,436,110,556
1037,510,147,416,187,530
1037,274,1171,331,1211,433
1037,491,1682,359,1714,471
1038,325,859,487,903,603
1038,350,649,811,718,981
1038,221,1022,543,1061,673
1038,503,0,687,41,846
1038,302,1101,397,1143,514
1038,450,482,779,521,941
1038,538,71,436,102,557
1038,510,142,416,184,530
1039,325,856,487,900,602
1039,350,646,811,718,980
1039,221,1020,543,1058,672
1039,503,0,687,40,845
1039,302,1097,397,1138,514
1039,450,480,779,519,942
1039,538,66,436,96,556
1039,510,137,416,181,531
1039,274,1161,327,1198,434
1039,491,1676,358,1708,470
1040,325,855,487,899,602
1040,350,645,811,718,979
1040,221,1019,543,1058,672
1040,503,0,689,39,844
1040,302,1095,396,1137,514
1040,450,480,780,517,943
1040,538,62,436,93,554
1040,510,134,416,179,531
1040,274,1159,327,1195,435
1040,491,1675,358,1707,469
1041,325,854,485,897,601
1041,350,643,809,713,979
1041,221,1018,543,1056,671
1041,503,0,690,37,843
1041,302,1091,396,1134,514
1041,450,478,780,517,943
1041,538,52,437,90,554
1041,510,129,415,177,531
1041,274,1153,325,1193,433
1041,491,1672,357,1705,469
1041,663,152,252,182,325
1042,325,853,485,893,600
1042,350,640,809,710,979
1042,221,1016,542,1056,670
1042,503,0,690,35,842
1042,302,1088,396,1129,515
1042,450,476,780,523,943
1042,538,43,436,88,554
1042,510,124,415,175,530
1042,274,1145,328,1191,434
1042,491,1667,357,1702,469
1042,663,151,253,181,325
1043,325,852,485,891,599
1043,350,639,809,707,980
1043,221,1015,542,1056,669
1043,503,0,690,35,842
1043,302,1087,395,1123,516
1043,450,474,780,525,943
1043,538,36,436,87,555
1043,510,122,415,174,530
1043,274,1139,329,1190,434
1043,491,1665,358,1701,468
1044,325,851,484,888,598
1044,350,639,808,702,979
1044,221,1014,542,1056,669
1044,503,0,689,34,841
1044,302,1083,394,1116,514
1044,450,472,780,524,943
1044,538,28,437,86,556
1044,510,119,415,174,530
1044,274,1134,328,1187,434
1044,491,1663,357,1698,467
1045,325,849,484,885,598
1045,350,640,809,699,979
1045,221,1011,541,1057,669
1045,503,0,687,36,841
1045,302,1080,394,1111,513
1045,450,468,780,523,943
1045,538,22,438,81,557
1045,510,117,415,174,530
1045,274,1131,330,1185,433
1045,491,1661,357,1696,465
1045,663,150,254,179,324
1046,325,848,484,884,598
1046,350,640,809,696,979
1046,221,1010,541,1058,669
1046,503,0,685,37,841
1046,302,1077,394,1109,513
1046,450,466,781,521,942
1046,538,20,438,81,557
1046,510,116,415,174,530
1046,274,1129,332,1184,432
1046,491,1660,357,1694,464
1046,667,1607,449,1623,462
1046,663,149,254,179,324
1047,325,847,483,882,597
1047,350,640,809,691,981
1047,221,1008,541,1058,669
1047,503,0,683,35,841
1047,450,463,781,515,941
1047,538,18,437,80,557
1047,510,116,415,172,530
1047,274,1127,334,1180,432
1047,491,1658,358,1691,463
1047,663,148,255,178,324
1048,350,640,809,686,982
1048,221,1006,541,1058,669
1048,503,0,682,28,842
1048,450,460,781,510,940
1048,538,16,436,77,556
1048,510,115,416,172,530
1048,274,1122,334,1173,431
1048,491,1652,358,1688,462
1048,302,1064,395,1100,511
1049,350,640,809,684,983
1049,221,1005,542,1059,668
1049,503,0,681,23,843
1049,450,458,781,508,938
1049,538,15,435,72,556
1049,510,116,415,171,529
1049,274,1121,333,1168,430
1049,491,1650,358,1687,462
1049,669,1622,448,1639,463
1049,302,1059,394,1098,511
1049,325,844,477,877,595
1050,350,639,809,679,984
1050,221,1004,542,1060,667
1050,450,455,779,508,937
1050,538,14,434,68,554
1050,510,115,414,167,528
1050,274,1118,332,1160,429
1050,302,1052,394,1096,511
1050,325,841,476,874,594
1051,350,637,810,676,984
1051,221,1002,541,1060,666
1051,450,452,778,506,934
1051,538,13,433,61,553
1051,510,113,413,166,527
1051,274,1114,331,1149,429
1051,302,1045,393,1090,510
1051,325,838,475,871,592
1052,350,637,811,674,985
1052,221,1002,542,1059,666
1052,450,451,778,505,933
1052,538,13,432,56,552
1052,510,111,413,165,526
1052,274,1110,331,1144,429
1052,302,1041,394,1088,511
1052,325,837,475,869,591
1052,491,1638,356,1676,460
1053,350,636,811,671,984
1053,221,1001,542,1058,664
1053,450,448,777,503,933
1053,538,9,431,46,553
1053,510,108,414,162,526
1053,302,1037,394,1085,510
1053,325,834,474,866,590
1053,491,1633,356,1672,461
1054,350,635,812,670,984
1054,221,1002,541,1057,662
1054,450,446,776,501,933
1054,538,6,430,38,552
1054,510,104,413,160,525
1054,302,1034,393,1082,508
1054,325,832,472,863,589
1054,491,1628,358,1668,463
1054,274,1097,332,1127,429
1055,350,634,812,669,984
1055,221,1003,541,1057,662
1055,450,445,777,500,932
1055,538,1,430,33,551
1055,510,102,413,158,524
1055,302,1031,393,1080,508
1055,325,830,471,861,590
1055,491,1626,359,1666,463
1055,274,1091,330,1124,428
1056,350,631,811,667,981
1056,221,1003,541,1055,661
1056,450,442,777,495,932
1056,538,0,430,29,550
1056,510,98,411,153,524
1056,302,1027,393,1076,508
1056,325,827,470,858,589
1056,491,1619,360,1661,462
1056,274,1083,332,1119,427
1057,350,628,810,666,978
1057,221,1007,541,1054,659
1057,450,440,778,491,932
1057,538,0,430,26,549
1057,510,94,411,145,523
1057,302,1023,393,1068,509
1057,325,823,470,854,588
1057,491,1612,361,1657,461
1057,274,1071,333,1115,426
1058,350,627,809,667,976
1058,221,1010,540,1054,659
1058,450,440,779,488,933
1058,538,0,430,26,549
1058,510,91,411,141,523
1058,302,1022,392,1064,509
1058,325,822,470,852,587
1058,491,1608,362,1655,461
1058,274,1064,333,1114,426
1059,350,624,808,667,974
1059,221,1014,538,1052,658
1059,450,438,779,484,933
1059,538,0,429,24,547
1059,510,88,410,136,523
1059,302,1019,391,1058,508
1059,325,819,468,849,587
1059,491,1606,362,1651,462
1059,274,1058,333,1111,425
1060,350,622,807,667,972
1060,221,1017,535,1052,656
1060,450,435,778,481,933
1060,538,0,428,22,545
1060,510,84,408,130,522
1060,302,1015,390,1051,506
1060,491,1604,361,1646,461
1060,274,1051,331,1107,425
1061,350,621,806,668,971
1061,221,1018,534,1053,657
1061,450,434,778,480,933
1061,510,81,407,126,521
1061,302,1012,390,1048,506
1061,491,1604,362,1644,460
1061,274,1049,333,1103,424
1061,325,813,468,843,585
1062,350,617,805,669,969
1062,221,1016,532,1055,656
1062,450,429,777,478,932
1062,510,78,406,122,520
1062,491,1600,361,1639,456
1062,274,1045,330,1097,422
1062,677,1583,449,1597,462
1062,325,809,467,839,583
1063,350,614,803,670,968
1063,221,1013,531,1055,655
1063,450,425,775,475,931
1063,510,74,405,116,517
1063,491,1596,361,1633,454
1063,677,1574,448,1590,462
1063,325,805,465,835,581
1063,302,1002,389,1036,502
1064,350,613,803,671,967
1064,221,1011,531,1056,655
1064,450,423,774,474,930
1064,510,72,404,113,517
1064,491,1594,363,1631,453
1064,677,1571,447,1586,462
1064,325,804,464,833,580
1064,302,998,389,1032,501
1064,663,119,245,148,312
1065,350,609,803,672,966
1065,221,1006,530,1056,654
1065,450,418,771,473,927
1065,510,68,404,109,514
1065,491,1589,364,1623,450
1065,677,1563,446,1578,460
1065,325,800,463,829,578
1065,302,992,389,1024,498
1065,274,1031,320,1073,417
1066,350,606,803,671,965
1066,221,1003,530,1057,652
1066,450,413,769,472,926
1066,510,64,403,104,512
1066,491,1583,366,1616,448
1066,677,1555,446,1571,459
1066,325,796,462,826,576
1066,302,986,388,1019,498
1066,274,1025,315,1060,416
1067,350,604,802,670,965
1067,221,1000,530,1057,651
1067,450,410,769,469,925
1067,510,62,404,102,513
1067,677,1552,445,1566,459
1067,325,794,461,824,576
1067,302,983,388,1016,498
1067,274,1022,315,1049,413
1068,350,603,802,665,965
1068,221,997,529,1055,650
1068,450,406,768,466,923
1068,510,59,403,100,512
1068,677,1544,445,1559,458
1068,325,790,460,819,575
1068,274,1014,316,1039,415
1068,491,1573,366,1604,447
1069,350,601,802,661,964
1069,221,995,529,1052,650
1069,450,403,767,463,922
1069,510,56,403,98,513
1069,677,1537,445,1552,458
1069,325,786,460,816,575
1069,302,972,389,1003,497
1070,350,601,801,659,963
1070,221,995,529,1052,649
1070,450,400,767,459,921
1070,510,54,403,98,512
1070,677,1534,446,1548,457
1070,302,968,390,999,497
1070,274,1001,323,1028,414
1071,350,600,799,655,962
1071,221,995,527,1048,648
1071,450,392,766,455,921
1071,510,50,403,97,511
1071,677,1526,446,1542,458
1071,302,961,387,993,496
1071,325,781,459,809,574
1072,350,600,798,652,960
1072,221,997,526,1041,646
1072,450,384,766,451,920
1072,510,47,403,95,510
1072,677,1519,446,1533,458
1072,302,956,384,987,495
1072,325,776,459,804,572
1072,491,1548,361,1581,452
1072,274,984,318,1018,417
1073,350,601,796,650,959
1073,221,999,525,1038,644
1073,450,380,766,450,920
1073,510,45,402,94,510
1073,677,1515,446,1530,458
1073,302,952,384,982,496
1073,325,773,459,803,572
1073,491,1544,360,1578,453
1073,274,979,315,1016,415
1074,350,602,793,647,956
1074,221,1000,524,1034,642
1074,450,376,765,447,918
1074,510,42,401,89,509
1074,677,1508,445,1523,457
1074,325,768,458,799,570
1074,491,1536,360,1571,451
1074,681,1183,222,1214,288
1075,350,603,790,645,953
1075,221,1000,521,1031,639
1075,450,370,764,444,917
1075,510,38,400,84,507
1075,677,1501,444,1516,456
1075,325,766,458,795,568
1075,491,1529,356,1565,449
1075,302,938,379,969,491
1076,350,604,788,646,953
1076,221,999,520,1031,638
1076,450,368,764,442,917
1076,510,36,399,82,506
1076,677,1497,444,1511,456
1076,325,764,457,793,567
1076,491,1526,355,1562,448
1076,302,934,377,967,490
1077,350,605,788,645,952
1077,221,997,518,1030,638
1077,450,369,763,437,917
1077,510,31,398,76,505
1077,677,1490,443,1505,455
1077,325,761,455,790,565
1077,491,1518,354,1555,446
1077,302,928,376,962,490
1078,350,603,787,644,953
1078,221,995,517,1031,636
1078,450,370,761,434,915
1078,510,27,397,71,504
1078,677,1484,443,1499,455
1078,325,756,454,788,562
1078,491,1511,351,1548,446
1078,302,923,377,956,491
1078,682,952,318,976,381
1078,663,89,240,117,302
1079,350,603,787,643,953
1079,221,994,517,1033,636
1079,450,372,760,432,913
1079,510,25,397,69,503
1079,325,754,453,786,562
1079,491,1508,349,1545,447
1079,302,921,378,954,490
1080,350,600,786,644,952
1080,221,992,516,1035,635
1080,450,369,758,429,911
1080,510,22,397,66,502
1080,325,752,451,784,560
1080,491,1501,348,1538,447
1080,302,915,380,950,489
1081,350,596,786,650,951
1081,221,988,515,1036,633
1081,450,367,756,425,910
1081,510,17,396,62,500
1081,491,1494,345,1531,446
1081,682,935,316,959,378
1082,350,591,785,654,950
1082,221,986,515,1037,632
1082,450,366,755,423,909
1082,510,15,396,59,500
1082,491,1491,345,1527,446
1082,325,747,448,780,558
1083,350,585,785,656,949
1083,221,982,513,1034,630
1083,450,364,754,419,905
1083,510,12,396,56,498
1083,491,1484,345,1519,447
1083,325,743,446,778,556
1083,302,899,383,938,490
1083,682,923,306,947,376
1084,350,582,785,656,946
1084,221,979,512,1032,628
1084,450,362,752,415,903
1084,510,10,395,53,496
1084,491,1477,347,1511,447
1084,325,738,445,775,555
1084,302,894,389,930,490
1085,350,582,783,655,946
1085,221,979,511,1031,627
1085,450,361,751,413,903
1085,510,7,395,51,496
1085,491,1473,348,1506,447
1085,325,735,444,775,554
1085,302,891,393,926,490
1086,350,585,779,650,943
1086,221,977,510,1026,626
1086,450,358,750,409,902
1086,510,4,392,47,496
1086,491,1466,347,1499,445
1086,325,732,443,772,553
1086,681,1133,208,1165,273
1087,350,589,776,643,941
1087,221,976,508,1021,624
1087,450,357,748,406,902
1087,510,0,390,43,494
1087,325,729,441,769,551
1087,302,879,391,912,486
1088,350,591,775,639,940
1088,221,977,507,1018,624
1088,450,356,747,404,902
1088,510,0,389,42,493
1088,325,727,441,768,550
1088,677,1429,433,1446,446
1089,350,589,773,635,937
1089,221,977,505,1013,622
1089,450,354,745,399,899
1089,510,0,388,38,491
1089,325,723,441,763,549
1089,491,1447,341,1479,441
1089,302,868,374,906,483
1090,350,588,771,633,934
1090,221,976,503,1009,620
1090,450,351,745,395,896
1090,510,0,382,32,488
1090,325,719,441,760,547
1090,491,1439,341,1472,440
1090,302,863,366,910,480
1091,350,587,771,632,932
1091,450,350,745,393,896
1091,510,0,377,28,488
1091,325,718,441,758,546
1091,302,860,366,908,479
1092,350,584,769,631,929
1092,450,347,744,389,896
1092,510,0,381,23,488
1092,325,716,439,754,544
1092,302,855,373,897,479
1092,681,1109,210,1139,270
1092,221,974,501,1003,619
1093,350,581,768,631,926
1093,450,343,741,387,895
1093,510,0,389,15,484
1093,325,715,439,751,542
1093,681,1104,209,1133,269
1093,221,971,500,1000,618
1093,677,1397,429,1414,441
1093,491,1416,336,1451,437
1094,350,580,768,633,926
1094,450,341,740,385,895
1094,510,0,392,11,485
1094,325,714,438,750,541
1094,221,969,499,998,618
1094,677,1393,428,1409,440
1094,491,1410,336,1446,438
1095,350,579,767,635,925
1095,450,339,739,384,893
1095,325,712,437,748,540
1095,221,966,497,997,616
1095,491,1404,337,1439,436
1095,681,1095,208,1125,267
1096,350,579,767,636,924
1096,450,336,737,384,890
1096,325,711,437,746,539
1096,221,964,497,998,616
1096,491,1399,337,1434,436
1096,302,834,364,875,480
1097,350,579,768,636,925
1097,450,334,737,384,889
1097,325,711,437,745,539
1097,221,964,498,999,617
1097,302,832,363,871,481
1097,677,1380,428,1395,438
1098,350,579,768,634,926
1098,450,330,737,384,889
1098,325,710,436,744,539
1098,221,962,500,996,617
1098,302,829,366,865,482
1099,350,580,769,633,927
1099,450,327,737,383,889
1099,325,709,436,744,541
1099,221,961,501,994,617
1099,302,826,373,863,483
1099,681,1083,209,1112,268
1099,491,1379,339,1420,440
1100,350,580,769,632,928
1100,450,325,738,383,890
1100,325,708,436,743,542
1100,221,960,501,993,618
1100,302,825,376,860,483
1100,681,1082,210,1110,269
1100,491,1374,339,1417,441
1101,350,580,768,629,926
1101,450,326,738,378,890
1101,325,705,437,741,543
1101,221,957,500,989,617
1101,302,820,379,855,484
1101,681,1078,212,1107,270
1101,491,1368,339,1412,442
1102,350,580,766,626,923
1102,450,323,737,375,890
1102,325,702,438,737,543
1102,221,953,499,985,615
1102,302,815,384,848,481
1102,681,1074,210,1102,270
1102,491,1361,339,1405,442
1103,350,580,765,625,922
1103,450,320,737,373,888
1103,325,700,438,736,542
1103,221,951,497,984,614
1103,302,811,366,845,480
1103,491,1358,338,1403,442
1104,350,580,763,623,919
1104,450,319,737,371,887
1104,325,698,437,733,541
1104,221,947,494,980,612
1104,302,807,377,839,477
1104,491,1350,339,1396,442
1105,350,580,761,621,916
1105,450,316,736,369,887
1105,325,695,436,731,540
1105,221,944,492,977,610
1105,302,800,375,835,477
1105,491,1344,342,1389,440
1106,350,580,759,621,915
1106,450,314,737,368,888
1106,325,694,435,730,540
1106,221,942,492,976,609
1106,302,798,374,833,479
1106,491,1341,344,1386,439
1107,350,579,756,620,914
1107,450,315,735,366,888
1107,325,692,435,726,539
1107,221,938,491,973,607
1107,302,794,375,829,483
1107,491,1335,342,1380,438
1108,350,579,753,619,914
1108,450,314,735,363,887
1108,325,689,435,723,538
1108,221,935,489,971,606
1108,302,791,379,825,483
1108,491,1328,343,1374,437
1109,350,578,752,621,914
1109,450,314,734,362,886
1109,325,688,434,722,537
1109,221,933,488,969,606
1109,302,789,381,823,483
1109,491,1324,342,1370,437
1110,350,575,752,626,913
1110,450,315,732,361,881
1110,221,930,487,966,604
1110,491,1319,340,1365,437
1111,350,573,751,632,911
1111,450,317,730,361,877
1111,221,927,486,963,603
1111,491,1314,339,1359,435
1111,302,780,382,814,481
1112,350,572,751,635,910
1112,450,318,729,361,876
1112,221,925,486,961,603
1112,491,1312,340,1357,435
1112,302,778,384,812,481
1112,325,684,430,716,532
1113,350,569,751,635,909
1113,450,318,728,360,875
1113,221,922,486,958,602
1113,302,776,387,808,479
1113,685,772,290,799,379
1113,325,682,429,714,531
1114,350,569,750,635,909
1114,450,317,726,360,873
1114,221,918,485,955,600
1114,302,771,382,804,478
1114,685,765,291,793,379
1114,325,680,428,713,529
1114,491,1311,339,1346,437
1115,350,569,749,635,908
1115,450,316,726,360,873
1115,221,915,484,953,599
1115,302,769,380,801,475
1115,685,762,292,790,378
1115,325,679,427,712,528
1115,686,1315,340,1344,437
1115,687,770,382,801,474
1115,491,1314,340,1343,436
1115,681,1035,199,1063,258
1116,350,569,748,636,906
1116,450,315,725,359,873
1116,221,912,483,949,597
1116,302,765,378,798,478
1116,685,758,288,787,376
1116,325,677,426,711,527
1117,350,571,746,635,904
1117,450,314,724,359,872
1117,302,762,375,794,479
1117,685,752,285,783,375
1117,325,675,426,708,525
1117,491,1305,340,1334,434
1118,350,573,749,630,902
1118,450,314,724,358,872
1118,302,760,376,792,480
1118,325,674,426,707,525
1118,491,1301,340,1332,433
1118,221,907,480,942,594
1119,350,573,745,624,899
1119,450,314,723,356,872
1119,302,757,374,790,480
1119,325,673,426,705,524
1119,491,1297,340,1327,432
1119,221,903,479,938,592
1120,350,573,742,618,895
1120,450,314,722,355,871
1120,302,752,375,786,481
1120,325,672,426,704,524
1120,491,1290,340,1324,432
1120,221,901,478,936,590
1120,685,733,281,777,375
1121,350,573,742,616,894
1121,450,315,722,355,871
1121,325,672,426,704,524
1121,491,1288,340,1323,433
1121,221,899,477,935,590
1121,685,730,281,776,376
1122,350,573,741,616,892
1122,450,317,721,356,869
1122,325,673,426,704,525
1122,491,1284,340,1320,433
1122,221,897,477,932,590
1122,685,727,283,775,377
1123,350,575,740,618,891
1123,450,319,721,357,867
1123,325,673,426,704,525
1123,491,1282,340,1316,434
1123,221,896,477,930,590
1123,691,1284,339,1316,434
1124,350,576,740,619,890
1124,450,320,721,358,866
1124,325,674,425,705,525
1124,491,1282,340,1315,434
1124,221,895,477,929,589
1124,691,1283,340,1315,434
1125,350,577,739,622,890
1125,450,320,719,360,864
1125,325,673,425,706,524
1125,491,1279,341,1312,437
1125,221,894,476,927,589
1125,691,1281,341,1312,436
1125,302,746,380,779,478
1126,350,577,739,625,889
1126,450,318,719,360,862
1126,325,673,425,706,523
1126,491,1277,343,1309,437
1126,221,892,475,925,589
1126,302,744,380,777,477
1126,681,1012,199,1040,257
1127,350,578,739,628,888
1127,450,317,719,361,861
1127,325,672,424,707,522
1127,491,1276,344,1308,437
1127,221,890,474,924,588
1127,302,743,380,776,476
1127,692,1252,428,1266,441
1127,685,722,281,764,376
1128,350,578,740,632,886
1128,450,317,717,362,859
1128,325,671,423,707,521
1128,491,1273,343,1303,436
1128,221,888,473,923,586
1128,302,741,379,773,475
1129,350,578,738,634,883
1129,450,318,714,363,858
1129,325,671,422,706,519
1129,491,1270,340,1299,433
1129,221,886,471,921,584
1129,302,738,378,770,478
1129,693,740,379,770,479
1130,350,579,737,634,882
1130,450,319,713,362,858
1130,325,671,421,707,519
1130,491,1268,340,1296,432
1130,221,885,470,920,583
1130,302,737,377,769,479
1130,685,717,281,746,367
1131,350,579,734,632,880
1131,450,318,711,363,855
1131,325,670,420,706,518
1131,221,883,468,918,580
1131,302,735,375,766,479
1131,685,715,281,741,365
1132,350,580,731,631,877
1132,450,315,710,363,853
1132,325,670,418,705,516
1132,221,881,467,916,578
1132,302,733,374,764,478
1132,685,712,281,736,363
1133,350,581,729,629,876
1133,450,315,709,364,851
1133,325,670,417,705,515
1133,221,880,466,916,577
1133,302,731,373,763,478
1133,685,711,280,733,362
1134,350,582,726,629,872
1134,450,316,707,364,848
1134,325,670,414,705,512
1134,221,879,464,915,574
1134,302,729,372,762,476
1134,685,706,278,732,359
1134,491,1255,334,1283,427
1135,350,584,722,628,867
1135,450,313,704,364,847
1135,325,669,412,704,510
1135,221,878,462,914,572
1135,302,726,372,760,472
1135,685,701,277,731,357
1135,491,1251,333,1279,426
1136,350,586,720,627,865
1136,450,314,704,364,845
1136,325,669,412,703,509
1136,221,876,461,913,570
1136,302,725,371,758,471
1136,685,699,276,729,357
1136,491,1248,333,1278,427
1137,350,586,718,627,862
1137,450,315,701,364,843
1137,325,667,411,702,507
1137,221,875,459,911,567
1137,302,722,369,755,470
1137,491,1244,333,1275,425
1138,350,585,715,625,858
1138,450,318,698,362,840
1138,325,664,408,700,505
1138,221,872,456,909,565
1138,302,719,369,750,465
1139,350,585,713,625,857
1139,450,320,698,361,839
1139,325,663,406,699,503
1139,221,871,456,908,563
1140,350,585,712,626,856
1140,450,320,696,361,836
1140,325,662,405,696,501
1140,221,868,454,906,562
1140,302,713,368,746,464
